Filename,Dominant Frequency (Hz),Category
high_0.wav,8949.00,High Frequency
high_1.wav,3569.00,High Frequency
high_10.wav,5239.00,High Frequency
high_100.wav,2306.00,High Frequency
high_101.wav,2749.00,High Frequency
high_102.wav,3417.00,High Frequency
high_103.wav,6599.00,High Frequency
high_104.wav,4432.00,High Frequency
high_105.wav,3224.00,High Frequency
high_106.wav,8499.00,High Frequency
high_107.wav,2436.00,High Frequency
high_108.wav,7423.00,High Frequency
high_109.wav,8221.00,High Frequency
high_11.wav,6894.00,High Frequency
high_110.wav,9639.00,High Frequency
high_111.wav,3468.00,High Frequency
high_112.wav,2363.00,High Frequency
high_113.wav,2770.00,High Frequency
high_114.wav,4838.00,High Frequency
high_115.wav,3275.00,High Frequency
high_116.wav,4348.00,High Frequency
high_117.wav,7616.00,High Frequency
high_118.wav,7564.00,High Frequency
high_119.wav,5507.00,High Frequency
high_12.wav,3401.00,High Frequency
high_120.wav,8309.00,High Frequency
high_121.wav,9717.00,High Frequency
high_122.wav,2104.00,High Frequency
high_123.wav,9418.00,High Frequency
high_124.wav,4630.00,High Frequency
high_125.wav,2927.00,High Frequency
high_126.wav,4656.00,High Frequency
high_127.wav,9816.00,High Frequency
high_128.wav,6446.00,High Frequency
high_129.wav,4974.00,High Frequency
high_13.wav,2932.00,High Frequency
high_130.wav,3870.00,High Frequency
high_131.wav,9524.00,High Frequency
high_132.wav,7112.00,High Frequency
high_133.wav,7037.00,High Frequency
high_134.wav,9647.00,High Frequency
high_135.wav,3457.00,High Frequency
high_136.wav,3823.00,High Frequency
high_137.wav,3367.00,High Frequency
high_138.wav,6427.00,High Frequency
high_139.wav,4825.00,High Frequency
high_14.wav,8702.00,High Frequency
high_140.wav,6599.00,High Frequency
high_141.wav,2172.00,High Frequency
high_142.wav,4439.00,High Frequency
high_143.wav,4199.00,High Frequency
high_144.wav,4132.00,High Frequency
high_145.wav,9695.00,High Frequency
high_146.wav,6255.00,High Frequency
high_147.wav,9256.00,High Frequency
high_148.wav,5072.00,High Frequency
high_149.wav,9227.00,High Frequency
high_15.wav,5580.00,High Frequency
high_150.wav,9880.00,High Frequency
high_151.wav,8490.00,High Frequency
high_152.wav,4167.00,High Frequency
high_153.wav,9517.00,High Frequency
high_154.wav,5125.00,High Frequency
high_155.wav,9914.00,High Frequency
high_156.wav,9537.00,High Frequency
high_157.wav,4228.00,High Frequency
high_158.wav,4085.00,High Frequency
high_159.wav,7264.00,High Frequency
high_16.wav,6916.00,High Frequency
high_160.wav,4493.00,High Frequency
high_161.wav,3437.00,High Frequency
high_162.wav,7011.00,High Frequency
high_163.wav,3218.00,High Frequency
high_164.wav,9332.00,High Frequency
high_165.wav,4688.00,High Frequency
high_166.wav,9601.00,High Frequency
high_167.wav,6228.00,High Frequency
high_168.wav,5281.00,High Frequency
high_169.wav,3493.00,High Frequency
high_17.wav,9630.00,High Frequency
high_170.wav,4109.00,High Frequency
high_171.wav,7069.00,High Frequency
high_172.wav,3793.00,High Frequency
high_173.wav,5776.00,High Frequency
high_174.wav,4284.00,High Frequency
high_175.wav,7033.00,High Frequency
high_176.wav,6720.00,High Frequency
high_177.wav,5138.00,High Frequency
high_178.wav,8177.00,High Frequency
high_179.wav,4706.00,High Frequency
high_18.wav,8602.00,High Frequency
high_180.wav,8332.00,High Frequency
high_181.wav,5890.00,High Frequency
high_182.wav,6789.00,High Frequency
high_183.wav,5841.00,High Frequency
high_184.wav,7243.00,High Frequency
high_185.wav,5627.00,High Frequency
high_186.wav,8673.00,High Frequency
high_187.wav,5297.00,High Frequency
high_188.wav,6686.00,High Frequency
high_189.wav,9261.00,High Frequency
high_19.wav,2735.00,High Frequency
high_190.wav,6566.00,High Frequency
high_191.wav,8852.00,High Frequency
high_192.wav,2277.00,High Frequency
high_193.wav,7406.00,High Frequency
high_194.wav,4561.00,High Frequency
high_195.wav,2795.00,High Frequency
high_196.wav,2792.00,High Frequency
high_197.wav,3467.00,High Frequency
high_198.wav,9763.00,High Frequency
high_199.wav,3680.00,High Frequency
high_2.wav,9736.00,High Frequency
high_20.wav,4821.00,High Frequency
high_200.wav,4550.00,High Frequency
high_201.wav,9462.00,High Frequency
high_202.wav,8836.00,High Frequency
high_203.wav,9210.00,High Frequency
high_204.wav,5288.00,High Frequency
high_205.wav,6888.00,High Frequency
high_206.wav,5555.00,High Frequency
high_207.wav,9677.00,High Frequency
high_208.wav,8225.00,High Frequency
high_209.wav,8460.00,High Frequency
high_21.wav,4674.00,High Frequency
high_210.wav,8078.00,High Frequency
high_211.wav,9987.00,High Frequency
high_212.wav,8091.00,High Frequency
high_213.wav,9672.00,High Frequency
high_214.wav,8803.00,High Frequency
high_215.wav,3208.00,High Frequency
high_216.wav,3323.00,High Frequency
high_217.wav,2722.00,High Frequency
high_218.wav,2246.00,High Frequency
high_219.wav,9162.00,High Frequency
high_22.wav,7703.00,High Frequency
high_220.wav,3951.00,High Frequency
high_221.wav,5582.00,High Frequency
high_222.wav,8805.00,High Frequency
high_223.wav,2591.00,High Frequency
high_224.wav,4007.00,High Frequency
high_225.wav,4057.00,High Frequency
high_226.wav,7312.00,High Frequency
high_227.wav,6748.00,High Frequency
high_228.wav,2241.00,High Frequency
high_229.wav,7553.00,High Frequency
high_23.wav,8359.00,High Frequency
high_230.wav,7598.00,High Frequency
high_231.wav,3989.00,High Frequency
high_232.wav,4119.00,High Frequency
high_233.wav,9767.00,High Frequency
high_234.wav,9537.00,High Frequency
high_235.wav,8265.00,High Frequency
high_236.wav,2777.00,High Frequency
high_237.wav,3836.00,High Frequency
high_238.wav,5954.00,High Frequency
high_239.wav,2698.00,High Frequency
high_24.wav,5680.00,High Frequency
high_240.wav,7562.00,High Frequency
high_241.wav,8118.00,High Frequency
high_242.wav,8894.00,High Frequency
high_243.wav,8680.00,High Frequency
high_244.wav,9574.00,High Frequency
high_245.wav,6364.00,High Frequency
high_246.wav,3257.00,High Frequency
high_247.wav,6927.00,High Frequency
high_248.wav,9521.00,High Frequency
high_249.wav,7062.00,High Frequency
high_25.wav,8273.00,High Frequency
high_250.wav,8287.00,High Frequency
high_251.wav,9816.00,High Frequency
high_252.wav,2177.00,High Frequency
high_253.wav,3673.00,High Frequency
high_254.wav,9239.00,High Frequency
high_255.wav,3588.00,High Frequency
high_256.wav,7630.00,High Frequency
high_257.wav,9912.00,High Frequency
high_258.wav,4590.00,High Frequency
high_259.wav,6532.00,High Frequency
high_26.wav,3289.00,High Frequency
high_260.wav,6794.00,High Frequency
high_261.wav,7492.00,High Frequency
high_262.wav,5403.00,High Frequency
high_263.wav,9567.00,High Frequency
high_264.wav,9281.00,High Frequency
high_265.wav,4771.00,High Frequency
high_266.wav,2266.00,High Frequency
high_267.wav,9797.00,High Frequency
high_268.wav,4591.00,High Frequency
high_269.wav,7746.00,High Frequency
high_27.wav,5069.00,High Frequency
high_270.wav,8735.00,High Frequency
high_271.wav,4047.00,High Frequency
high_272.wav,2679.00,High Frequency
high_273.wav,9975.00,High Frequency
high_274.wav,5990.00,High Frequency
high_275.wav,2417.00,High Frequency
high_276.wav,9844.00,High Frequency
high_277.wav,3729.00,High Frequency
high_278.wav,6981.00,High Frequency
high_279.wav,7840.00,High Frequency
high_28.wav,7479.00,High Frequency
high_280.wav,4125.00,High Frequency
high_281.wav,5919.00,High Frequency
high_282.wav,3502.00,High Frequency
high_283.wav,2478.00,High Frequency
high_284.wav,7685.00,High Frequency
high_285.wav,5588.00,High Frequency
high_286.wav,7062.00,High Frequency
high_287.wav,4082.00,High Frequency
high_288.wav,9391.00,High Frequency
high_289.wav,8849.00,High Frequency
high_29.wav,7021.00,High Frequency
high_290.wav,6218.00,High Frequency
high_291.wav,6501.00,High Frequency
high_292.wav,6156.00,High Frequency
high_293.wav,8790.00,High Frequency
high_294.wav,4549.00,High Frequency
high_295.wav,5152.00,High Frequency
high_296.wav,7973.00,High Frequency
high_297.wav,2710.00,High Frequency
high_298.wav,2388.00,High Frequency
high_299.wav,7998.00,High Frequency
high_3.wav,5063.00,High Frequency
high_30.wav,8286.00,High Frequency
high_300.wav,9744.00,High Frequency
high_301.wav,5069.00,High Frequency
high_302.wav,9686.00,High Frequency
high_303.wav,3875.00,High Frequency
high_304.wav,4981.00,High Frequency
high_305.wav,2818.00,High Frequency
high_306.wav,7105.00,High Frequency
high_307.wav,3911.00,High Frequency
high_308.wav,9721.00,High Frequency
high_309.wav,8217.00,High Frequency
high_31.wav,7311.00,High Frequency
high_310.wav,8688.00,High Frequency
high_311.wav,2665.00,High Frequency
high_312.wav,3088.00,High Frequency
high_313.wav,3429.00,High Frequency
high_314.wav,4669.00,High Frequency
high_315.wav,6503.00,High Frequency
high_316.wav,3996.00,High Frequency
high_317.wav,2452.00,High Frequency
high_318.wav,3879.00,High Frequency
high_319.wav,2442.00,High Frequency
high_32.wav,4336.00,High Frequency
high_320.wav,6658.00,High Frequency
high_321.wav,2646.00,High Frequency
high_322.wav,9748.00,High Frequency
high_323.wav,5174.00,High Frequency
high_324.wav,3901.00,High Frequency
high_325.wav,8845.00,High Frequency
high_326.wav,3759.00,High Frequency
high_327.wav,2878.00,High Frequency
high_328.wav,3399.00,High Frequency
high_329.wav,4022.00,High Frequency
high_33.wav,7475.00,High Frequency
high_330.wav,3687.00,High Frequency
high_331.wav,3914.00,High Frequency
high_332.wav,2178.00,High Frequency
high_34.wav,8464.00,High Frequency
high_35.wav,6536.00,High Frequency
high_36.wav,2472.00,High Frequency
high_37.wav,5567.00,High Frequency
high_38.wav,9819.00,High Frequency
high_39.wav,8081.00,High Frequency
high_4.wav,7439.00,High Frequency
high_40.wav,5121.00,High Frequency
high_41.wav,5155.00,High Frequency
high_42.wav,7349.00,High Frequency
high_43.wav,4202.00,High Frequency
high_44.wav,7353.00,High Frequency
high_45.wav,7814.00,High Frequency
high_46.wav,2663.00,High Frequency
high_47.wav,9380.00,High Frequency
high_48.wav,8777.00,High Frequency
high_49.wav,2181.00,High Frequency
high_5.wav,4712.00,High Frequency
high_50.wav,4306.00,High Frequency
high_51.wav,2845.00,High Frequency
high_52.wav,8635.00,High Frequency
high_53.wav,3411.00,High Frequency
high_54.wav,3447.00,High Frequency
high_55.wav,9298.00,High Frequency
high_56.wav,9425.00,High Frequency
high_57.wav,3016.00,High Frequency
high_58.wav,5830.00,High Frequency
high_59.wav,4852.00,High Frequency
high_6.wav,2478.00,High Frequency
high_60.wav,2984.00,High Frequency
high_61.wav,4607.00,High Frequency
high_62.wav,3266.00,High Frequency
high_63.wav,7694.00,High Frequency
high_64.wav,9120.00,High Frequency
high_65.wav,6089.00,High Frequency
high_66.wav,4766.00,High Frequency
high_67.wav,2176.00,High Frequency
high_68.wav,6006.00,High Frequency
high_69.wav,3558.00,High Frequency
high_7.wav,3446.00,High Frequency
high_70.wav,8792.00,High Frequency
high_71.wav,9984.00,High Frequency
high_72.wav,6112.00,High Frequency
high_73.wav,2793.00,High Frequency
high_74.wav,3351.00,High Frequency
high_75.wav,2297.00,High Frequency
high_76.wav,7400.00,High Frequency
high_77.wav,5682.00,High Frequency
high_78.wav,8566.00,High Frequency
high_79.wav,7687.00,High Frequency
high_8.wav,3779.00,High Frequency
high_80.wav,9298.00,High Frequency
high_81.wav,6658.00,High Frequency
high_82.wav,6233.00,High Frequency
high_83.wav,6159.00,High Frequency
high_84.wav,2697.00,High Frequency
high_85.wav,4984.00,High Frequency
high_86.wav,8059.00,High Frequency
high_87.wav,3212.00,High Frequency
high_88.wav,5867.00,High Frequency
high_89.wav,7630.00,High Frequency
high_9.wav,7191.00,High Frequency
high_90.wav,2391.00,High Frequency
high_91.wav,2586.00,High Frequency
high_92.wav,5238.00,High Frequency
high_93.wav,6566.00,High Frequency
high_94.wav,9398.00,High Frequency
high_95.wav,2636.00,High Frequency
high_96.wav,8055.00,High Frequency
high_97.wav,9820.00,High Frequency
high_98.wav,5688.00,High Frequency
high_99.wav,6861.00,High Frequency
low_0.wav,232.00,Low Frequency
low_1.wav,133.00,Low Frequency
low_10.wav,99.00,Low Frequency
low_100.wav,245.00,Low Frequency
low_101.wav,85.00,Low Frequency
low_102.wav,234.00,Low Frequency
low_103.wav,60.00,Low Frequency
low_104.wav,171.00,Low Frequency
low_105.wav,231.00,Low Frequency
low_106.wav,195.00,Low Frequency
low_107.wav,114.00,Low Frequency
low_108.wav,158.00,Low Frequency
low_109.wav,171.00,Low Frequency
low_11.wav,238.00,Low Frequency
low_110.wav,200.00,Low Frequency
low_111.wav,90.00,Low Frequency
low_112.wav,119.00,Low Frequency
low_113.wav,161.00,Low Frequency
low_114.wav,59.00,Low Frequency
low_115.wav,228.00,Low Frequency
low_116.wav,136.00,Low Frequency
low_117.wav,157.00,Low Frequency
low_118.wav,223.00,Low Frequency
low_119.wav,131.00,Low Frequency
low_12.wav,103.00,Low Frequency
low_120.wav,61.00,Low Frequency
low_121.wav,95.00,Low Frequency
low_122.wav,236.00,Low Frequency
low_123.wav,244.00,Low Frequency
low_124.wav,196.00,Low Frequency
low_125.wav,113.00,Low Frequency
low_126.wav,179.00,Low Frequency
low_127.wav,133.00,Low Frequency
low_128.wav,129.00,Low Frequency
low_129.wav,111.00,Low Frequency
low_13.wav,239.00,Low Frequency
low_130.wav,160.00,Low Frequency
low_131.wav,191.00,Low Frequency
low_132.wav,220.00,Low Frequency
low_133.wav,184.00,Low Frequency
low_134.wav,150.00,Low Frequency
low_135.wav,194.00,Low Frequency
low_136.wav,82.00,Low Frequency
low_137.wav,127.00,Low Frequency
low_138.wav,176.00,Low Frequency
low_139.wav,161.00,Low Frequency
low_14.wav,56.00,Low Frequency
low_140.wav,239.00,Low Frequency
low_141.wav,75.00,Low Frequency
low_142.wav,207.00,Low Frequency
low_143.wav,167.00,Low Frequency
low_144.wav,141.00,Low Frequency
low_145.wav,241.00,Low Frequency
low_146.wav,110.00,Low Frequency
low_147.wav,125.00,Low Frequency
low_148.wav,153.00,Low Frequency
low_149.wav,201.00,Low Frequency
low_15.wav,155.00,Low Frequency
low_150.wav,113.00,Low Frequency
low_151.wav,91.00,Low Frequency
low_152.wav,93.00,Low Frequency
low_153.wav,245.00,Low Frequency
low_154.wav,136.00,Low Frequency
low_155.wav,170.00,Low Frequency
low_156.wav,106.00,Low Frequency
low_157.wav,122.00,Low Frequency
low_158.wav,105.00,Low Frequency
low_159.wav,188.00,Low Frequency
low_16.wav,162.00,Low Frequency
low_160.wav,137.00,Low Frequency
low_161.wav,247.00,Low Frequency
low_162.wav,170.00,Low Frequency
low_163.wav,114.00,Low Frequency
low_164.wav,103.00,Low Frequency
low_165.wav,143.00,Low Frequency
low_166.wav,73.00,Low Frequency
low_167.wav,50.00,Low Frequency
low_168.wav,172.00,Low Frequency
low_169.wav,124.00,Low Frequency
low_17.wav,51.00,Low Frequency
low_170.wav,121.00,Low Frequency
low_171.wav,242.00,Low Frequency
low_172.wav,52.00,Low Frequency
low_173.wav,144.00,Low Frequency
low_174.wav,202.00,Low Frequency
low_175.wav,165.00,Low Frequency
low_176.wav,81.00,Low Frequency
low_177.wav,245.00,Low Frequency
low_178.wav,61.00,Low Frequency
low_179.wav,171.00,Low Frequency
low_18.wav,88.00,Low Frequency
low_180.wav,151.00,Low Frequency
low_181.wav,125.00,Low Frequency
low_182.wav,112.00,Low Frequency
low_183.wav,102.00,Low Frequency
low_184.wav,130.00,Low Frequency
low_185.wav,126.00,Low Frequency
low_186.wav,93.00,Low Frequency
low_187.wav,62.00,Low Frequency
low_188.wav,177.00,Low Frequency
low_189.wav,248.00,Low Frequency
low_19.wav,139.00,Low Frequency
low_190.wav,188.00,Low Frequency
low_191.wav,143.00,Low Frequency
low_192.wav,213.00,Low Frequency
low_193.wav,109.00,Low Frequency
low_194.wav,236.00,Low Frequency
low_195.wav,177.00,Low Frequency
low_196.wav,125.00,Low Frequency
low_197.wav,239.00,Low Frequency
low_198.wav,55.00,Low Frequency
low_199.wav,222.00,Low Frequency
low_2.wav,64.00,Low Frequency
low_20.wav,228.00,Low Frequency
low_200.wav,238.00,Low Frequency
low_201.wav,236.00,Low Frequency
low_202.wav,69.00,Low Frequency
low_203.wav,216.00,Low Frequency
low_204.wav,217.00,Low Frequency
low_205.wav,201.00,Low Frequency
low_206.wav,248.00,Low Frequency
low_207.wav,109.00,Low Frequency
low_208.wav,174.00,Low Frequency
low_209.wav,61.00,Low Frequency
low_21.wav,73.00,Low Frequency
low_210.wav,83.00,Low Frequency
low_211.wav,76.00,Low Frequency
low_212.wav,155.00,Low Frequency
low_213.wav,217.00,Low Frequency
low_214.wav,214.00,Low Frequency
low_215.wav,148.00,Low Frequency
low_216.wav,88.00,Low Frequency
low_217.wav,55.00,Low Frequency
low_218.wav,110.00,Low Frequency
low_219.wav,129.00,Low Frequency
low_22.wav,163.00,Low Frequency
low_220.wav,225.00,Low Frequency
low_221.wav,128.00,Low Frequency
low_222.wav,97.00,Low Frequency
low_223.wav,62.00,Low Frequency
low_224.wav,209.00,Low Frequency
low_225.wav,164.00,Low Frequency
low_226.wav,222.00,Low Frequency
low_227.wav,243.00,Low Frequency
low_228.wav,103.00,Low Frequency
low_229.wav,124.00,Low Frequency
low_23.wav,111.00,Low Frequency
low_230.wav,89.00,Low Frequency
low_231.wav,173.00,Low Frequency
low_232.wav,163.00,Low Frequency
low_233.wav,84.00,Low Frequency
low_234.wav,53.00,Low Frequency
low_235.wav,204.00,Low Frequency
low_236.wav,98.00,Low Frequency
low_237.wav,74.00,Low Frequency
low_238.wav,129.00,Low Frequency
low_239.wav,79.00,Low Frequency
low_24.wav,178.00,Low Frequency
low_240.wav,83.00,Low Frequency
low_241.wav,172.00,Low Frequency
low_242.wav,214.00,Low Frequency
low_243.wav,166.00,Low Frequency
low_244.wav,164.00,Low Frequency
low_245.wav,84.00,Low Frequency
low_246.wav,154.00,Low Frequency
low_247.wav,73.00,Low Frequency
low_248.wav,164.00,Low Frequency
low_249.wav,176.00,Low Frequency
low_25.wav,68.00,Low Frequency
low_250.wav,136.00,Low Frequency
low_251.wav,173.00,Low Frequency
low_252.wav,142.00,Low Frequency
low_253.wav,57.00,Low Frequency
low_254.wav,105.00,Low Frequency
low_255.wav,204.00,Low Frequency
low_256.wav,197.00,Low Frequency
low_257.wav,239.00,Low Frequency
low_258.wav,221.00,Low Frequency
low_259.wav,234.00,Low Frequency
low_26.wav,94.00,Low Frequency
low_260.wav,117.00,Low Frequency
low_261.wav,130.00,Low Frequency
low_262.wav,185.00,Low Frequency
low_263.wav,221.00,Low Frequency
low_264.wav,152.00,Low Frequency
low_265.wav,129.00,Low Frequency
low_266.wav,76.00,Low Frequency
low_267.wav,120.00,Low Frequency
low_268.wav,104.00,Low Frequency
low_269.wav,199.00,Low Frequency
low_27.wav,68.00,Low Frequency
low_270.wav,234.00,Low Frequency
low_271.wav,222.00,Low Frequency
low_272.wav,108.00,Low Frequency
low_273.wav,62.00,Low Frequency
low_274.wav,151.00,Low Frequency
low_275.wav,82.00,Low Frequency
low_276.wav,173.00,Low Frequency
low_277.wav,98.00,Low Frequency
low_278.wav,240.00,Low Frequency
low_279.wav,97.00,Low Frequency
low_28.wav,172.00,Low Frequency
low_280.wav,172.00,Low Frequency
low_281.wav,98.00,Low Frequency
low_282.wav,228.00,Low Frequency
low_283.wav,126.00,Low Frequency
low_284.wav,82.00,Low Frequency
low_285.wav,184.00,Low Frequency
low_286.wav,218.00,Low Frequency
low_287.wav,78.00,Low Frequency
low_288.wav,139.00,Low Frequency
low_289.wav,203.00,Low Frequency
low_29.wav,76.00,Low Frequency
low_290.wav,152.00,Low Frequency
low_291.wav,66.00,Low Frequency
low_292.wav,75.00,Low Frequency
low_293.wav,189.00,Low Frequency
low_294.wav,179.00,Low Frequency
low_295.wav,172.00,Low Frequency
low_296.wav,241.00,Low Frequency
low_297.wav,76.00,Low Frequency
low_298.wav,151.00,Low Frequency
low_299.wav,203.00,Low Frequency
low_3.wav,65.00,Low Frequency
low_30.wav,154.00,Low Frequency
low_300.wav,122.00,Low Frequency
low_301.wav,230.00,Low Frequency
low_302.wav,76.00,Low Frequency
low_303.wav,148.00,Low Frequency
low_304.wav,104.00,Low Frequency
low_305.wav,99.00,Low Frequency
low_306.wav,120.00,Low Frequency
low_307.wav,201.00,Low Frequency
low_308.wav,139.00,Low Frequency
low_309.wav,203.00,Low Frequency
low_31.wav,243.00,Low Frequency
low_310.wav,74.00,Low Frequency
low_311.wav,240.00,Low Frequency
low_312.wav,119.00,Low Frequency
low_313.wav,138.00,Low Frequency
low_314.wav,249.00,Low Frequency
low_315.wav,64.00,Low Frequency
low_316.wav,91.00,Low Frequency
low_317.wav,113.00,Low Frequency
low_318.wav,58.00,Low Frequency
low_319.wav,94.00,Low Frequency
low_32.wav,199.00,Low Frequency
low_320.wav,70.00,Low Frequency
low_321.wav,60.00,Low Frequency
low_322.wav,162.00,Low Frequency
low_323.wav,154.00,Low Frequency
low_324.wav,120.00,Low Frequency
low_325.wav,124.00,Low Frequency
low_326.wav,87.00,Low Frequency
low_327.wav,151.00,Low Frequency
low_328.wav,221.00,Low Frequency
low_329.wav,68.00,Low Frequency
low_33.wav,155.00,Low Frequency
low_330.wav,247.00,Low Frequency
low_331.wav,167.00,Low Frequency
low_332.wav,112.00,Low Frequency
low_34.wav,79.00,Low Frequency
low_35.wav,197.00,Low Frequency
low_36.wav,128.00,Low Frequency
low_37.wav,76.00,Low Frequency
low_38.wav,54.00,Low Frequency
low_39.wav,181.00,Low Frequency
low_4.wav,71.00,Low Frequency
low_40.wav,105.00,Low Frequency
low_41.wav,227.00,Low Frequency
low_42.wav,243.00,Low Frequency
low_43.wav,165.00,Low Frequency
low_44.wav,85.00,Low Frequency
low_45.wav,127.00,Low Frequency
low_46.wav,65.00,Low Frequency
low_47.wav,86.00,Low Frequency
low_48.wav,94.00,Low Frequency
low_49.wav,226.00,Low Frequency
low_5.wav,149.00,Low Frequency
low_50.wav,208.00,Low Frequency
low_51.wav,191.00,Low Frequency
low_52.wav,124.00,Low Frequency
low_53.wav,142.00,Low Frequency
low_54.wav,59.00,Low Frequency
low_55.wav,144.00,Low Frequency
low_56.wav,226.00,Low Frequency
low_57.wav,245.00,Low Frequency
low_58.wav,222.00,Low Frequency
low_59.wav,78.00,Low Frequency
low_6.wav,63.00,Low Frequency
low_60.wav,74.00,Low Frequency
low_61.wav,240.00,Low Frequency
low_62.wav,70.00,Low Frequency
low_63.wav,139.00,Low Frequency
low_64.wav,117.00,Low Frequency
low_65.wav,112.00,Low Frequency
low_66.wav,132.00,Low Frequency
low_67.wav,142.00,Low Frequency
low_68.wav,163.00,Low Frequency
low_69.wav,237.00,Low Frequency
low_7.wav,200.00,Low Frequency
low_70.wav,213.00,Low Frequency
low_71.wav,187.00,Low Frequency
low_72.wav,178.00,Low Frequency
low_73.wav,191.00,Low Frequency
low_74.wav,233.00,Low Frequency
low_75.wav,202.00,Low Frequency
low_76.wav,195.00,Low Frequency
low_77.wav,152.00,Low Frequency
low_78.wav,193.00,Low Frequency
low_79.wav,103.00,Low Frequency
low_8.wav,100.00,Low Frequency
low_80.wav,197.00,Low Frequency
low_81.wav,250.00,Mid Frequency
low_82.wav,162.00,Low Frequency
low_83.wav,70.00,Low Frequency
low_84.wav,228.00,Low Frequency
low_85.wav,161.00,Low Frequency
low_86.wav,164.00,Low Frequency
low_87.wav,234.00,Low Frequency
low_88.wav,63.00,Low Frequency
low_89.wav,228.00,Low Frequency
low_9.wav,178.00,Low Frequency
low_90.wav,98.00,Low Frequency
low_91.wav,131.00,Low Frequency
low_92.wav,56.00,Low Frequency
low_93.wav,154.00,Low Frequency
low_94.wav,162.00,Low Frequency
low_95.wav,72.00,Low Frequency
low_96.wav,62.00,Low Frequency
low_97.wav,59.00,Low Frequency
low_98.wav,108.00,Low Frequency
low_99.wav,100.00,Low Frequency
mid_0.wav,1324.00,Mid Frequency
mid_1.wav,1939.00,Mid Frequency
mid_10.wav,1059.00,Mid Frequency
mid_100.wav,1629.00,Mid Frequency
mid_101.wav,578.00,Mid Frequency
mid_102.wav,1569.00,Mid Frequency
mid_103.wav,473.00,Mid Frequency
mid_104.wav,1047.00,Mid Frequency
mid_105.wav,399.00,Mid Frequency
mid_106.wav,523.00,Mid Frequency
mid_107.wav,1794.00,Mid Frequency
mid_108.wav,1895.00,Mid Frequency
mid_109.wav,519.00,Mid Frequency
mid_11.wav,619.00,Mid Frequency
mid_110.wav,483.00,Mid Frequency
mid_111.wav,365.00,Mid Frequency
mid_112.wav,815.00,Mid Frequency
mid_113.wav,434.00,Mid Frequency
mid_114.wav,1789.00,Mid Frequency
mid_115.wav,854.00,Mid Frequency
mid_116.wav,1737.00,Mid Frequency
mid_117.wav,673.00,Mid Frequency
mid_118.wav,1888.00,Mid Frequency
mid_119.wav,1473.00,Mid Frequency
mid_12.wav,899.00,Mid Frequency
mid_120.wav,912.00,Mid Frequency
mid_121.wav,1697.00,Mid Frequency
mid_122.wav,1696.00,Mid Frequency
mid_123.wav,1339.00,Mid Frequency
mid_124.wav,288.00,Mid Frequency
mid_125.wav,1022.00,Mid Frequency
mid_126.wav,422.00,Mid Frequency
mid_127.wav,1950.00,Mid Frequency
mid_128.wav,1002.00,Mid Frequency
mid_129.wav,1503.00,Mid Frequency
mid_13.wav,1685.00,Mid Frequency
mid_130.wav,1892.00,Mid Frequency
mid_131.wav,428.00,Mid Frequency
mid_132.wav,1732.00,Mid Frequency
mid_133.wav,1806.00,Mid Frequency
mid_134.wav,1278.00,Mid Frequency
mid_135.wav,1840.00,Mid Frequency
mid_136.wav,1192.00,Mid Frequency
mid_137.wav,613.00,Mid Frequency
mid_138.wav,1749.00,Mid Frequency
mid_139.wav,1389.00,Mid Frequency
mid_14.wav,1609.00,Mid Frequency
mid_140.wav,1629.00,Mid Frequency
mid_141.wav,856.00,Mid Frequency
mid_142.wav,874.00,Mid Frequency
mid_143.wav,868.00,Mid Frequency
mid_144.wav,1063.00,Mid Frequency
mid_145.wav,543.00,Mid Frequency
mid_146.wav,577.00,Mid Frequency
mid_147.wav,877.00,Mid Frequency
mid_148.wav,1889.00,Mid Frequency
mid_149.wav,943.00,Mid Frequency
mid_15.wav,1237.00,Mid Frequency
mid_150.wav,1013.00,Mid Frequency
mid_151.wav,786.00,Mid Frequency
mid_152.wav,508.00,Mid Frequency
mid_153.wav,1369.00,Mid Frequency
mid_154.wav,839.00,Mid Frequency
mid_155.wav,345.00,Mid Frequency
mid_156.wav,1178.00,Mid Frequency
mid_157.wav,700.00,Mid Frequency
mid_158.wav,1435.00,Mid Frequency
mid_159.wav,1275.00,Mid Frequency
mid_16.wav,705.00,Mid Frequency
mid_160.wav,1276.00,Mid Frequency
mid_161.wav,1087.00,Mid Frequency
mid_162.wav,618.00,Mid Frequency
mid_163.wav,529.00,Mid Frequency
mid_164.wav,1035.00,Mid Frequency
mid_165.wav,423.00,Mid Frequency
mid_166.wav,1987.00,Mid Frequency
mid_167.wav,1848.00,Mid Frequency
mid_168.wav,980.00,Mid Frequency
mid_169.wav,451.00,Mid Frequency
mid_17.wav,1330.00,Mid Frequency
mid_170.wav,1645.00,Mid Frequency
mid_171.wav,1155.00,Mid Frequency
mid_172.wav,336.00,Mid Frequency
mid_173.wav,1917.00,Mid Frequency
mid_174.wav,917.00,Mid Frequency
mid_175.wav,1643.00,Mid Frequency
mid_176.wav,708.00,Mid Frequency
mid_177.wav,496.00,Mid Frequency
mid_178.wav,1245.00,Mid Frequency
mid_179.wav,360.00,Mid Frequency
mid_18.wav,1860.00,Mid Frequency
mid_180.wav,1679.00,Mid Frequency
mid_181.wav,1977.00,Mid Frequency
mid_182.wav,1402.00,Mid Frequency
mid_183.wav,1671.00,Mid Frequency
mid_184.wav,1687.00,Mid Frequency
mid_185.wav,1006.00,Mid Frequency
mid_186.wav,1431.00,Mid Frequency
mid_187.wav,1968.00,Mid Frequency
mid_188.wav,331.00,Mid Frequency
mid_189.wav,310.00,Mid Frequency
mid_19.wav,1569.00,Mid Frequency
mid_190.wav,1505.00,Mid Frequency
mid_191.wav,1090.00,Mid Frequency
mid_192.wav,853.00,Mid Frequency
mid_193.wav,962.00,Mid Frequency
mid_194.wav,1825.00,Mid Frequency
mid_195.wav,377.00,Mid Frequency
mid_196.wav,333.00,Mid Frequency
mid_197.wav,581.00,Mid Frequency
mid_198.wav,1013.00,Mid Frequency
mid_199.wav,419.00,Mid Frequency
mid_2.wav,277.00,Mid Frequency
mid_20.wav,1436.00,Mid Frequency
mid_200.wav,1744.00,Mid Frequency
mid_201.wav,851.00,Mid Frequency
mid_202.wav,1914.00,Mid Frequency
mid_203.wav,1306.00,Mid Frequency
mid_204.wav,1270.00,Mid Frequency
mid_205.wav,1260.00,Mid Frequency
mid_206.wav,258.00,Mid Frequency
mid_207.wav,1354.00,Mid Frequency
mid_208.wav,484.00,Mid Frequency
mid_209.wav,768.00,Mid Frequency
mid_21.wav,1628.00,Mid Frequency
mid_210.wav,1619.00,Mid Frequency
mid_211.wav,1662.00,Mid Frequency
mid_212.wav,282.00,Mid Frequency
mid_213.wav,461.00,Mid Frequency
mid_214.wav,435.00,Mid Frequency
mid_215.wav,1072.00,Mid Frequency
mid_216.wav,1358.00,Mid Frequency
mid_217.wav,826.00,Mid Frequency
mid_218.wav,1953.00,Mid Frequency
mid_219.wav,1280.00,Mid Frequency
mid_22.wav,1459.00,Mid Frequency
mid_220.wav,1636.00,Mid Frequency
mid_221.wav,1827.00,Mid Frequency
mid_222.wav,1118.00,Mid Frequency
mid_223.wav,1781.00,Mid Frequency
mid_224.wav,1390.00,Mid Frequency
mid_225.wav,293.00,Mid Frequency
mid_226.wav,1048.00,Mid Frequency
mid_227.wav,948.00,Mid Frequency
mid_228.wav,1027.00,Mid Frequency
mid_229.wav,1814.00,Mid Frequency
mid_23.wav,1237.00,Mid Frequency
mid_230.wav,1297.00,Mid Frequency
mid_231.wav,1979.00,Mid Frequency
mid_232.wav,1109.00,Mid Frequency
mid_233.wav,1944.00,Mid Frequency
mid_234.wav,1430.00,Mid Frequency
mid_235.wav,940.00,Mid Frequency
mid_236.wav,1091.00,Mid Frequency
mid_237.wav,504.00,Mid Frequency
mid_238.wav,635.00,Mid Frequency
mid_239.wav,1580.00,Mid Frequency
mid_24.wav,428.00,Mid Frequency
mid_240.wav,1363.00,Mid Frequency
mid_241.wav,1398.00,Mid Frequency
mid_242.wav,1221.00,Mid Frequency
mid_243.wav,1035.00,Mid Frequency
mid_244.wav,1168.00,Mid Frequency
mid_245.wav,259.00,Mid Frequency
mid_246.wav,1855.00,Mid Frequency
mid_247.wav,1804.00,Mid Frequency
mid_248.wav,1629.00,Mid Frequency
mid_249.wav,950.00,Mid Frequency
mid_25.wav,1865.00,Mid Frequency
mid_250.wav,1072.00,Mid Frequency
mid_251.wav,1475.00,Mid Frequency
mid_252.wav,1970.00,Mid Frequency
mid_253.wav,553.00,Mid Frequency
mid_254.wav,1072.00,Mid Frequency
mid_255.wav,616.00,Mid Frequency
mid_256.wav,666.00,Mid Frequency
mid_257.wav,1381.00,Mid Frequency
mid_258.wav,1709.00,Mid Frequency
mid_259.wav,628.00,Mid Frequency
mid_26.wav,1476.00,Mid Frequency
mid_260.wav,1409.00,Mid Frequency
mid_261.wav,916.00,Mid Frequency
mid_262.wav,1111.00,Mid Frequency
mid_263.wav,1532.00,Mid Frequency
mid_264.wav,841.00,Mid Frequency
mid_265.wav,1078.00,Mid Frequency
mid_266.wav,1330.00,Mid Frequency
mid_267.wav,438.00,Mid Frequency
mid_268.wav,1630.00,Mid Frequency
mid_269.wav,337.00,Mid Frequency
mid_27.wav,1480.00,Mid Frequency
mid_270.wav,429.00,Mid Frequency
mid_271.wav,815.00,Mid Frequency
mid_272.wav,1543.00,Mid Frequency
mid_273.wav,402.00,Mid Frequency
mid_274.wav,597.00,Mid Frequency
mid_275.wav,640.00,Mid Frequency
mid_276.wav,1530.00,Mid Frequency
mid_277.wav,1090.00,Mid Frequency
mid_278.wav,844.00,Mid Frequency
mid_279.wav,876.00,Mid Frequency
mid_28.wav,313.00,Mid Frequency
mid_280.wav,720.00,Mid Frequency
mid_281.wav,559.00,Mid Frequency
mid_282.wav,1962.00,Mid Frequency
mid_283.wav,1985.00,Mid Frequency
mid_284.wav,286.00,Mid Frequency
mid_285.wav,1377.00,Mid Frequency
mid_286.wav,1114.00,Mid Frequency
mid_287.wav,462.00,Mid Frequency
mid_288.wav,1809.00,Mid Frequency
mid_289.wav,744.00,Mid Frequency
mid_29.wav,608.00,Mid Frequency
mid_290.wav,934.00,Mid Frequency
mid_291.wav,1516.00,Mid Frequency
mid_292.wav,976.00,Mid Frequency
mid_293.wav,1765.00,Mid Frequency
mid_294.wav,1646.00,Mid Frequency
mid_295.wav,655.00,Mid Frequency
mid_296.wav,797.00,Mid Frequency
mid_297.wav,1186.00,Mid Frequency
mid_298.wav,1040.00,Mid Frequency
mid_299.wav,1639.00,Mid Frequency
mid_3.wav,1281.00,Mid Frequency
mid_30.wav,719.00,Mid Frequency
mid_300.wav,1157.00,Mid Frequency
mid_301.wav,922.00,Mid Frequency
mid_302.wav,292.00,Mid Frequency
mid_303.wav,1911.00,Mid Frequency
mid_304.wav,931.00,Mid Frequency
mid_305.wav,687.00,Mid Frequency
mid_306.wav,1251.00,Mid Frequency
mid_307.wav,1693.00,Mid Frequency
mid_308.wav,1548.00,Mid Frequency
mid_309.wav,653.00,Mid Frequency
mid_31.wav,1168.00,Mid Frequency
mid_310.wav,293.00,Mid Frequency
mid_311.wav,1639.00,Mid Frequency
mid_312.wav,1394.00,Mid Frequency
mid_313.wav,1521.00,Mid Frequency
mid_314.wav,1600.00,Mid Frequency
mid_315.wav,354.00,Mid Frequency
mid_316.wav,693.00,Mid Frequency
mid_317.wav,1273.00,Mid Frequency
mid_318.wav,758.00,Mid Frequency
mid_319.wav,1554.00,Mid Frequency
mid_32.wav,496.00,Mid Frequency
mid_320.wav,266.00,Mid Frequency
mid_321.wav,1580.00,Mid Frequency
mid_322.wav,1774.00,Mid Frequency
mid_323.wav,1737.00,Mid Frequency
mid_324.wav,1024.00,Mid Frequency
mid_325.wav,317.00,Mid Frequency
mid_326.wav,728.00,Mid Frequency
mid_327.wav,909.00,Mid Frequency
mid_328.wav,1877.00,Mid Frequency
mid_329.wav,1796.00,Mid Frequency
mid_33.wav,850.00,Mid Frequency
mid_330.wav,343.00,Mid Frequency
mid_331.wav,598.00,Mid Frequency
mid_332.wav,685.00,Mid Frequency
mid_34.wav,1567.00,Mid Frequency
mid_35.wav,1919.00,Mid Frequency
mid_36.wav,533.00,Mid Frequency
mid_37.wav,564.00,Mid Frequency
mid_38.wav,1264.00,Mid Frequency
mid_39.wav,1890.00,Mid Frequency
mid_4.wav,485.00,Mid Frequency
mid_40.wav,1911.00,Mid Frequency
mid_41.wav,564.00,Mid Frequency
mid_42.wav,883.00,Mid Frequency
mid_43.wav,1930.00,Mid Frequency
mid_44.wav,394.00,Mid Frequency
mid_45.wav,675.00,Mid Frequency
mid_46.wav,1053.00,Mid Frequency
mid_47.wav,403.00,Mid Frequency
mid_48.wav,387.00,Mid Frequency
mid_49.wav,376.00,Mid Frequency
mid_5.wav,773.00,Mid Frequency
mid_50.wav,520.00,Mid Frequency
mid_51.wav,754.00,Mid Frequency
mid_52.wav,743.00,Mid Frequency
mid_53.wav,1147.00,Mid Frequency
mid_54.wav,581.00,Mid Frequency
mid_55.wav,1795.00,Mid Frequency
mid_56.wav,493.00,Mid Frequency
mid_57.wav,340.00,Mid Frequency
mid_58.wav,663.00,Mid Frequency
mid_59.wav,649.00,Mid Frequency
mid_6.wav,297.00,Mid Frequency
mid_60.wav,1932.00,Mid Frequency
mid_61.wav,260.00,Mid Frequency
mid_62.wav,296.00,Mid Frequency
mid_63.wav,1707.00,Mid Frequency
mid_64.wav,977.00,Mid Frequency
mid_65.wav,311.00,Mid Frequency
mid_66.wav,1713.00,Mid Frequency
mid_67.wav,1422.00,Mid Frequency
mid_68.wav,1664.00,Mid Frequency
mid_69.wav,1428.00,Mid Frequency
mid_7.wav,1404.00,Mid Frequency
mid_70.wav,1065.00,Mid Frequency
mid_71.wav,1752.00,Mid Frequency
mid_72.wav,755.00,Mid Frequency
mid_73.wav,519.00,Mid Frequency
mid_74.wav,1878.00,Mid Frequency
mid_75.wav,1386.00,Mid Frequency
mid_76.wav,1956.00,Mid Frequency
mid_77.wav,1880.00,Mid Frequency
mid_78.wav,872.00,Mid Frequency
mid_79.wav,1854.00,Mid Frequency
mid_8.wav,1926.00,Mid Frequency
mid_80.wav,1787.00,Mid Frequency
mid_81.wav,1204.00,Mid Frequency
mid_82.wav,1423.00,Mid Frequency
mid_83.wav,416.00,Mid Frequency
mid_84.wav,1938.00,Mid Frequency
mid_85.wav,1393.00,Mid Frequency
mid_86.wav,1665.00,Mid Frequency
mid_87.wav,1371.00,Mid Frequency
mid_88.wav,1703.00,Mid Frequency
mid_89.wav,730.00,Mid Frequency
mid_9.wav,826.00,Mid Frequency
mid_90.wav,723.00,Mid Frequency
mid_91.wav,506.00,Mid Frequency
mid_92.wav,425.00,Mid Frequency
mid_93.wav,1695.00,Mid Frequency
mid_94.wav,1564.00,Mid Frequency
mid_95.wav,1227.00,Mid Frequency
mid_96.wav,858.00,Mid Frequency
mid_97.wav,1779.00,Mid Frequency
mid_98.wav,1135.00,Mid Frequency
mid_99.wav,1383.00,Mid Frequency
