Original File,Dominant Frequency (Hz),Label,New Path
low_0.wav,232.00,low_freq,./dataset\low_freq\low_freq_001.wav
low_1.wav,133.00,low_freq,./dataset\low_freq\low_freq_002.wav
low_2.wav,64.00,low_freq,./dataset\low_freq\low_freq_003.wav
low_3.wav,65.00,low_freq,./dataset\low_freq\low_freq_004.wav
low_4.wav,71.00,low_freq,./dataset\low_freq\low_freq_005.wav
low_5.wav,149.00,low_freq,./dataset\low_freq\low_freq_006.wav
low_6.wav,63.00,low_freq,./dataset\low_freq\low_freq_007.wav
low_7.wav,200.00,low_freq,./dataset\low_freq\low_freq_008.wav
low_8.wav,100.00,low_freq,./dataset\low_freq\low_freq_009.wav
low_9.wav,178.00,low_freq,./dataset\low_freq\low_freq_010.wav
low_10.wav,99.00,low_freq,./dataset\low_freq\low_freq_011.wav
low_11.wav,238.00,low_freq,./dataset\low_freq\low_freq_012.wav
low_12.wav,103.00,low_freq,./dataset\low_freq\low_freq_013.wav
low_13.wav,239.00,low_freq,./dataset\low_freq\low_freq_014.wav
low_14.wav,56.00,low_freq,./dataset\low_freq\low_freq_015.wav
low_15.wav,155.00,low_freq,./dataset\low_freq\low_freq_016.wav
low_16.wav,162.00,low_freq,./dataset\low_freq\low_freq_017.wav
low_17.wav,51.00,low_freq,./dataset\low_freq\low_freq_018.wav
low_18.wav,88.00,low_freq,./dataset\low_freq\low_freq_019.wav
low_19.wav,139.00,low_freq,./dataset\low_freq\low_freq_020.wav
low_20.wav,228.00,low_freq,./dataset\low_freq\low_freq_021.wav
low_21.wav,73.00,low_freq,./dataset\low_freq\low_freq_022.wav
low_22.wav,163.00,low_freq,./dataset\low_freq\low_freq_023.wav
low_23.wav,111.00,low_freq,./dataset\low_freq\low_freq_024.wav
low_24.wav,178.00,low_freq,./dataset\low_freq\low_freq_025.wav
low_25.wav,68.00,low_freq,./dataset\low_freq\low_freq_026.wav
low_26.wav,94.00,low_freq,./dataset\low_freq\low_freq_027.wav
low_27.wav,68.00,low_freq,./dataset\low_freq\low_freq_028.wav
low_28.wav,172.00,low_freq,./dataset\low_freq\low_freq_029.wav
low_29.wav,76.00,low_freq,./dataset\low_freq\low_freq_030.wav
low_30.wav,154.00,low_freq,./dataset\low_freq\low_freq_031.wav
low_31.wav,243.00,low_freq,./dataset\low_freq\low_freq_032.wav
low_32.wav,199.00,low_freq,./dataset\low_freq\low_freq_033.wav
low_33.wav,155.00,low_freq,./dataset\low_freq\low_freq_034.wav
low_34.wav,79.00,low_freq,./dataset\low_freq\low_freq_035.wav
low_35.wav,197.00,low_freq,./dataset\low_freq\low_freq_036.wav
low_36.wav,128.00,low_freq,./dataset\low_freq\low_freq_037.wav
low_37.wav,76.00,low_freq,./dataset\low_freq\low_freq_038.wav
low_38.wav,54.00,low_freq,./dataset\low_freq\low_freq_039.wav
low_39.wav,181.00,low_freq,./dataset\low_freq\low_freq_040.wav
low_40.wav,105.00,low_freq,./dataset\low_freq\low_freq_041.wav
low_41.wav,227.00,low_freq,./dataset\low_freq\low_freq_042.wav
low_42.wav,243.00,low_freq,./dataset\low_freq\low_freq_043.wav
low_43.wav,165.00,low_freq,./dataset\low_freq\low_freq_044.wav
low_44.wav,85.00,low_freq,./dataset\low_freq\low_freq_045.wav
low_45.wav,127.00,low_freq,./dataset\low_freq\low_freq_046.wav
low_46.wav,65.00,low_freq,./dataset\low_freq\low_freq_047.wav
low_47.wav,86.00,low_freq,./dataset\low_freq\low_freq_048.wav
low_48.wav,94.00,low_freq,./dataset\low_freq\low_freq_049.wav
low_49.wav,226.00,low_freq,./dataset\low_freq\low_freq_050.wav
low_50.wav,208.00,low_freq,./dataset\low_freq\low_freq_051.wav
low_51.wav,191.00,low_freq,./dataset\low_freq\low_freq_052.wav
low_52.wav,124.00,low_freq,./dataset\low_freq\low_freq_053.wav
low_53.wav,142.00,low_freq,./dataset\low_freq\low_freq_054.wav
low_54.wav,59.00,low_freq,./dataset\low_freq\low_freq_055.wav
low_55.wav,144.00,low_freq,./dataset\low_freq\low_freq_056.wav
low_56.wav,226.00,low_freq,./dataset\low_freq\low_freq_057.wav
low_57.wav,245.00,low_freq,./dataset\low_freq\low_freq_058.wav
low_58.wav,222.00,low_freq,./dataset\low_freq\low_freq_059.wav
low_59.wav,78.00,low_freq,./dataset\low_freq\low_freq_060.wav
low_60.wav,74.00,low_freq,./dataset\low_freq\low_freq_061.wav
low_61.wav,240.00,low_freq,./dataset\low_freq\low_freq_062.wav
low_62.wav,70.00,low_freq,./dataset\low_freq\low_freq_063.wav
low_63.wav,139.00,low_freq,./dataset\low_freq\low_freq_064.wav
low_64.wav,117.00,low_freq,./dataset\low_freq\low_freq_065.wav
low_65.wav,112.00,low_freq,./dataset\low_freq\low_freq_066.wav
low_66.wav,132.00,low_freq,./dataset\low_freq\low_freq_067.wav
low_67.wav,142.00,low_freq,./dataset\low_freq\low_freq_068.wav
low_68.wav,163.00,low_freq,./dataset\low_freq\low_freq_069.wav
low_69.wav,237.00,low_freq,./dataset\low_freq\low_freq_070.wav
low_70.wav,213.00,low_freq,./dataset\low_freq\low_freq_071.wav
low_71.wav,187.00,low_freq,./dataset\low_freq\low_freq_072.wav
low_72.wav,178.00,low_freq,./dataset\low_freq\low_freq_073.wav
low_73.wav,191.00,low_freq,./dataset\low_freq\low_freq_074.wav
low_74.wav,233.00,low_freq,./dataset\low_freq\low_freq_075.wav
low_75.wav,202.00,low_freq,./dataset\low_freq\low_freq_076.wav
low_76.wav,195.00,low_freq,./dataset\low_freq\low_freq_077.wav
low_77.wav,152.00,low_freq,./dataset\low_freq\low_freq_078.wav
low_78.wav,193.00,low_freq,./dataset\low_freq\low_freq_079.wav
low_79.wav,103.00,low_freq,./dataset\low_freq\low_freq_080.wav
low_80.wav,197.00,low_freq,./dataset\low_freq\low_freq_081.wav
low_81.wav,250.00,mid_freq,./dataset\mid_freq\mid_freq_001.wav
low_82.wav,162.00,low_freq,./dataset\low_freq\low_freq_082.wav
low_83.wav,70.00,low_freq,./dataset\low_freq\low_freq_083.wav
low_84.wav,228.00,low_freq,./dataset\low_freq\low_freq_084.wav
low_85.wav,161.00,low_freq,./dataset\low_freq\low_freq_085.wav
low_86.wav,164.00,low_freq,./dataset\low_freq\low_freq_086.wav
low_87.wav,234.00,low_freq,./dataset\low_freq\low_freq_087.wav
low_88.wav,63.00,low_freq,./dataset\low_freq\low_freq_088.wav
low_89.wav,228.00,low_freq,./dataset\low_freq\low_freq_089.wav
low_90.wav,98.00,low_freq,./dataset\low_freq\low_freq_090.wav
low_91.wav,131.00,low_freq,./dataset\low_freq\low_freq_091.wav
low_92.wav,56.00,low_freq,./dataset\low_freq\low_freq_092.wav
low_93.wav,154.00,low_freq,./dataset\low_freq\low_freq_093.wav
low_94.wav,162.00,low_freq,./dataset\low_freq\low_freq_094.wav
low_95.wav,72.00,low_freq,./dataset\low_freq\low_freq_095.wav
low_96.wav,62.00,low_freq,./dataset\low_freq\low_freq_096.wav
low_97.wav,59.00,low_freq,./dataset\low_freq\low_freq_097.wav
low_98.wav,108.00,low_freq,./dataset\low_freq\low_freq_098.wav
low_99.wav,100.00,low_freq,./dataset\low_freq\low_freq_099.wav
low_100.wav,245.00,low_freq,./dataset\low_freq\low_freq_100.wav
low_101.wav,85.00,low_freq,./dataset\low_freq\low_freq_101.wav
low_102.wav,234.00,low_freq,./dataset\low_freq\low_freq_102.wav
low_103.wav,60.00,low_freq,./dataset\low_freq\low_freq_103.wav
low_104.wav,171.00,low_freq,./dataset\low_freq\low_freq_104.wav
low_105.wav,231.00,low_freq,./dataset\low_freq\low_freq_105.wav
low_106.wav,195.00,low_freq,./dataset\low_freq\low_freq_106.wav
low_107.wav,114.00,low_freq,./dataset\low_freq\low_freq_107.wav
low_108.wav,158.00,low_freq,./dataset\low_freq\low_freq_108.wav
low_109.wav,171.00,low_freq,./dataset\low_freq\low_freq_109.wav
low_110.wav,200.00,low_freq,./dataset\low_freq\low_freq_110.wav
low_111.wav,90.00,low_freq,./dataset\low_freq\low_freq_111.wav
low_112.wav,119.00,low_freq,./dataset\low_freq\low_freq_112.wav
low_113.wav,161.00,low_freq,./dataset\low_freq\low_freq_113.wav
low_114.wav,59.00,low_freq,./dataset\low_freq\low_freq_114.wav
low_115.wav,228.00,low_freq,./dataset\low_freq\low_freq_115.wav
low_116.wav,136.00,low_freq,./dataset\low_freq\low_freq_116.wav
low_117.wav,157.00,low_freq,./dataset\low_freq\low_freq_117.wav
low_118.wav,223.00,low_freq,./dataset\low_freq\low_freq_118.wav
low_119.wav,131.00,low_freq,./dataset\low_freq\low_freq_119.wav
low_120.wav,61.00,low_freq,./dataset\low_freq\low_freq_120.wav
low_121.wav,95.00,low_freq,./dataset\low_freq\low_freq_121.wav
low_122.wav,236.00,low_freq,./dataset\low_freq\low_freq_122.wav
low_123.wav,244.00,low_freq,./dataset\low_freq\low_freq_123.wav
low_124.wav,196.00,low_freq,./dataset\low_freq\low_freq_124.wav
low_125.wav,113.00,low_freq,./dataset\low_freq\low_freq_125.wav
low_126.wav,179.00,low_freq,./dataset\low_freq\low_freq_126.wav
low_127.wav,133.00,low_freq,./dataset\low_freq\low_freq_127.wav
low_128.wav,129.00,low_freq,./dataset\low_freq\low_freq_128.wav
low_129.wav,111.00,low_freq,./dataset\low_freq\low_freq_129.wav
low_130.wav,160.00,low_freq,./dataset\low_freq\low_freq_130.wav
low_131.wav,191.00,low_freq,./dataset\low_freq\low_freq_131.wav
low_132.wav,220.00,low_freq,./dataset\low_freq\low_freq_132.wav
low_133.wav,184.00,low_freq,./dataset\low_freq\low_freq_133.wav
low_134.wav,150.00,low_freq,./dataset\low_freq\low_freq_134.wav
low_135.wav,194.00,low_freq,./dataset\low_freq\low_freq_135.wav
low_136.wav,82.00,low_freq,./dataset\low_freq\low_freq_136.wav
low_137.wav,127.00,low_freq,./dataset\low_freq\low_freq_137.wav
low_138.wav,176.00,low_freq,./dataset\low_freq\low_freq_138.wav
low_139.wav,161.00,low_freq,./dataset\low_freq\low_freq_139.wav
low_140.wav,239.00,low_freq,./dataset\low_freq\low_freq_140.wav
low_141.wav,75.00,low_freq,./dataset\low_freq\low_freq_141.wav
low_142.wav,207.00,low_freq,./dataset\low_freq\low_freq_142.wav
low_143.wav,167.00,low_freq,./dataset\low_freq\low_freq_143.wav
low_144.wav,141.00,low_freq,./dataset\low_freq\low_freq_144.wav
low_145.wav,241.00,low_freq,./dataset\low_freq\low_freq_145.wav
low_146.wav,110.00,low_freq,./dataset\low_freq\low_freq_146.wav
low_147.wav,125.00,low_freq,./dataset\low_freq\low_freq_147.wav
low_148.wav,153.00,low_freq,./dataset\low_freq\low_freq_148.wav
low_149.wav,201.00,low_freq,./dataset\low_freq\low_freq_149.wav
low_150.wav,113.00,low_freq,./dataset\low_freq\low_freq_150.wav
low_151.wav,91.00,low_freq,./dataset\low_freq\low_freq_151.wav
low_152.wav,93.00,low_freq,./dataset\low_freq\low_freq_152.wav
low_153.wav,245.00,low_freq,./dataset\low_freq\low_freq_153.wav
low_154.wav,136.00,low_freq,./dataset\low_freq\low_freq_154.wav
low_155.wav,170.00,low_freq,./dataset\low_freq\low_freq_155.wav
low_156.wav,106.00,low_freq,./dataset\low_freq\low_freq_156.wav
low_157.wav,122.00,low_freq,./dataset\low_freq\low_freq_157.wav
low_158.wav,105.00,low_freq,./dataset\low_freq\low_freq_158.wav
low_159.wav,188.00,low_freq,./dataset\low_freq\low_freq_159.wav
low_160.wav,137.00,low_freq,./dataset\low_freq\low_freq_160.wav
low_161.wav,247.00,low_freq,./dataset\low_freq\low_freq_161.wav
low_162.wav,170.00,low_freq,./dataset\low_freq\low_freq_162.wav
low_163.wav,114.00,low_freq,./dataset\low_freq\low_freq_163.wav
low_164.wav,103.00,low_freq,./dataset\low_freq\low_freq_164.wav
low_165.wav,143.00,low_freq,./dataset\low_freq\low_freq_165.wav
low_166.wav,73.00,low_freq,./dataset\low_freq\low_freq_166.wav
low_167.wav,50.00,low_freq,./dataset\low_freq\low_freq_167.wav
low_168.wav,172.00,low_freq,./dataset\low_freq\low_freq_168.wav
low_169.wav,124.00,low_freq,./dataset\low_freq\low_freq_169.wav
low_170.wav,121.00,low_freq,./dataset\low_freq\low_freq_170.wav
low_171.wav,242.00,low_freq,./dataset\low_freq\low_freq_171.wav
low_172.wav,52.00,low_freq,./dataset\low_freq\low_freq_172.wav
low_173.wav,144.00,low_freq,./dataset\low_freq\low_freq_173.wav
low_174.wav,202.00,low_freq,./dataset\low_freq\low_freq_174.wav
low_175.wav,165.00,low_freq,./dataset\low_freq\low_freq_175.wav
low_176.wav,81.00,low_freq,./dataset\low_freq\low_freq_176.wav
low_177.wav,245.00,low_freq,./dataset\low_freq\low_freq_177.wav
low_178.wav,61.00,low_freq,./dataset\low_freq\low_freq_178.wav
low_179.wav,171.00,low_freq,./dataset\low_freq\low_freq_179.wav
low_180.wav,151.00,low_freq,./dataset\low_freq\low_freq_180.wav
low_181.wav,125.00,low_freq,./dataset\low_freq\low_freq_181.wav
low_182.wav,112.00,low_freq,./dataset\low_freq\low_freq_182.wav
low_183.wav,102.00,low_freq,./dataset\low_freq\low_freq_183.wav
low_184.wav,130.00,low_freq,./dataset\low_freq\low_freq_184.wav
low_185.wav,126.00,low_freq,./dataset\low_freq\low_freq_185.wav
low_186.wav,93.00,low_freq,./dataset\low_freq\low_freq_186.wav
low_187.wav,62.00,low_freq,./dataset\low_freq\low_freq_187.wav
low_188.wav,177.00,low_freq,./dataset\low_freq\low_freq_188.wav
low_189.wav,248.00,low_freq,./dataset\low_freq\low_freq_189.wav
low_190.wav,188.00,low_freq,./dataset\low_freq\low_freq_190.wav
low_191.wav,143.00,low_freq,./dataset\low_freq\low_freq_191.wav
low_192.wav,213.00,low_freq,./dataset\low_freq\low_freq_192.wav
low_193.wav,109.00,low_freq,./dataset\low_freq\low_freq_193.wav
low_194.wav,236.00,low_freq,./dataset\low_freq\low_freq_194.wav
low_195.wav,177.00,low_freq,./dataset\low_freq\low_freq_195.wav
low_196.wav,125.00,low_freq,./dataset\low_freq\low_freq_196.wav
low_197.wav,239.00,low_freq,./dataset\low_freq\low_freq_197.wav
low_198.wav,55.00,low_freq,./dataset\low_freq\low_freq_198.wav
low_199.wav,222.00,low_freq,./dataset\low_freq\low_freq_199.wav
low_200.wav,238.00,low_freq,./dataset\low_freq\low_freq_200.wav
low_201.wav,236.00,low_freq,./dataset\low_freq\low_freq_201.wav
low_202.wav,69.00,low_freq,./dataset\low_freq\low_freq_202.wav
low_203.wav,216.00,low_freq,./dataset\low_freq\low_freq_203.wav
low_204.wav,217.00,low_freq,./dataset\low_freq\low_freq_204.wav
low_205.wav,201.00,low_freq,./dataset\low_freq\low_freq_205.wav
low_206.wav,248.00,low_freq,./dataset\low_freq\low_freq_206.wav
low_207.wav,109.00,low_freq,./dataset\low_freq\low_freq_207.wav
low_208.wav,174.00,low_freq,./dataset\low_freq\low_freq_208.wav
low_209.wav,61.00,low_freq,./dataset\low_freq\low_freq_209.wav
low_210.wav,83.00,low_freq,./dataset\low_freq\low_freq_210.wav
low_211.wav,76.00,low_freq,./dataset\low_freq\low_freq_211.wav
low_212.wav,155.00,low_freq,./dataset\low_freq\low_freq_212.wav
low_213.wav,217.00,low_freq,./dataset\low_freq\low_freq_213.wav
low_214.wav,214.00,low_freq,./dataset\low_freq\low_freq_214.wav
low_215.wav,148.00,low_freq,./dataset\low_freq\low_freq_215.wav
low_216.wav,88.00,low_freq,./dataset\low_freq\low_freq_216.wav
low_217.wav,55.00,low_freq,./dataset\low_freq\low_freq_217.wav
low_218.wav,110.00,low_freq,./dataset\low_freq\low_freq_218.wav
low_219.wav,129.00,low_freq,./dataset\low_freq\low_freq_219.wav
low_220.wav,225.00,low_freq,./dataset\low_freq\low_freq_220.wav
low_221.wav,128.00,low_freq,./dataset\low_freq\low_freq_221.wav
low_222.wav,97.00,low_freq,./dataset\low_freq\low_freq_222.wav
low_223.wav,62.00,low_freq,./dataset\low_freq\low_freq_223.wav
low_224.wav,209.00,low_freq,./dataset\low_freq\low_freq_224.wav
low_225.wav,164.00,low_freq,./dataset\low_freq\low_freq_225.wav
low_226.wav,222.00,low_freq,./dataset\low_freq\low_freq_226.wav
low_227.wav,243.00,low_freq,./dataset\low_freq\low_freq_227.wav
low_228.wav,103.00,low_freq,./dataset\low_freq\low_freq_228.wav
low_229.wav,124.00,low_freq,./dataset\low_freq\low_freq_229.wav
low_230.wav,89.00,low_freq,./dataset\low_freq\low_freq_230.wav
low_231.wav,173.00,low_freq,./dataset\low_freq\low_freq_231.wav
low_232.wav,163.00,low_freq,./dataset\low_freq\low_freq_232.wav
low_233.wav,84.00,low_freq,./dataset\low_freq\low_freq_233.wav
low_234.wav,53.00,low_freq,./dataset\low_freq\low_freq_234.wav
low_235.wav,204.00,low_freq,./dataset\low_freq\low_freq_235.wav
low_236.wav,98.00,low_freq,./dataset\low_freq\low_freq_236.wav
low_237.wav,74.00,low_freq,./dataset\low_freq\low_freq_237.wav
low_238.wav,129.00,low_freq,./dataset\low_freq\low_freq_238.wav
low_239.wav,79.00,low_freq,./dataset\low_freq\low_freq_239.wav
low_240.wav,83.00,low_freq,./dataset\low_freq\low_freq_240.wav
low_241.wav,172.00,low_freq,./dataset\low_freq\low_freq_241.wav
low_242.wav,214.00,low_freq,./dataset\low_freq\low_freq_242.wav
low_243.wav,166.00,low_freq,./dataset\low_freq\low_freq_243.wav
low_244.wav,164.00,low_freq,./dataset\low_freq\low_freq_244.wav
low_245.wav,84.00,low_freq,./dataset\low_freq\low_freq_245.wav
low_246.wav,154.00,low_freq,./dataset\low_freq\low_freq_246.wav
low_247.wav,73.00,low_freq,./dataset\low_freq\low_freq_247.wav
low_248.wav,164.00,low_freq,./dataset\low_freq\low_freq_248.wav
low_249.wav,176.00,low_freq,./dataset\low_freq\low_freq_249.wav
low_250.wav,136.00,low_freq,./dataset\low_freq\low_freq_250.wav
low_251.wav,173.00,low_freq,./dataset\low_freq\low_freq_251.wav
low_252.wav,142.00,low_freq,./dataset\low_freq\low_freq_252.wav
low_253.wav,57.00,low_freq,./dataset\low_freq\low_freq_253.wav
low_254.wav,105.00,low_freq,./dataset\low_freq\low_freq_254.wav
low_255.wav,204.00,low_freq,./dataset\low_freq\low_freq_255.wav
low_256.wav,197.00,low_freq,./dataset\low_freq\low_freq_256.wav
low_257.wav,239.00,low_freq,./dataset\low_freq\low_freq_257.wav
low_258.wav,221.00,low_freq,./dataset\low_freq\low_freq_258.wav
low_259.wav,234.00,low_freq,./dataset\low_freq\low_freq_259.wav
low_260.wav,117.00,low_freq,./dataset\low_freq\low_freq_260.wav
low_261.wav,130.00,low_freq,./dataset\low_freq\low_freq_261.wav
low_262.wav,185.00,low_freq,./dataset\low_freq\low_freq_262.wav
low_263.wav,221.00,low_freq,./dataset\low_freq\low_freq_263.wav
low_264.wav,152.00,low_freq,./dataset\low_freq\low_freq_264.wav
low_265.wav,129.00,low_freq,./dataset\low_freq\low_freq_265.wav
low_266.wav,76.00,low_freq,./dataset\low_freq\low_freq_266.wav
low_267.wav,120.00,low_freq,./dataset\low_freq\low_freq_267.wav
low_268.wav,104.00,low_freq,./dataset\low_freq\low_freq_268.wav
low_269.wav,199.00,low_freq,./dataset\low_freq\low_freq_269.wav
low_270.wav,234.00,low_freq,./dataset\low_freq\low_freq_270.wav
low_271.wav,222.00,low_freq,./dataset\low_freq\low_freq_271.wav
low_272.wav,108.00,low_freq,./dataset\low_freq\low_freq_272.wav
low_273.wav,62.00,low_freq,./dataset\low_freq\low_freq_273.wav
low_274.wav,151.00,low_freq,./dataset\low_freq\low_freq_274.wav
low_275.wav,82.00,low_freq,./dataset\low_freq\low_freq_275.wav
low_276.wav,173.00,low_freq,./dataset\low_freq\low_freq_276.wav
low_277.wav,98.00,low_freq,./dataset\low_freq\low_freq_277.wav
low_278.wav,240.00,low_freq,./dataset\low_freq\low_freq_278.wav
low_279.wav,97.00,low_freq,./dataset\low_freq\low_freq_279.wav
low_280.wav,172.00,low_freq,./dataset\low_freq\low_freq_280.wav
low_281.wav,98.00,low_freq,./dataset\low_freq\low_freq_281.wav
low_282.wav,228.00,low_freq,./dataset\low_freq\low_freq_282.wav
low_283.wav,126.00,low_freq,./dataset\low_freq\low_freq_283.wav
low_284.wav,82.00,low_freq,./dataset\low_freq\low_freq_284.wav
low_285.wav,184.00,low_freq,./dataset\low_freq\low_freq_285.wav
low_286.wav,218.00,low_freq,./dataset\low_freq\low_freq_286.wav
low_287.wav,78.00,low_freq,./dataset\low_freq\low_freq_287.wav
low_288.wav,139.00,low_freq,./dataset\low_freq\low_freq_288.wav
low_289.wav,203.00,low_freq,./dataset\low_freq\low_freq_289.wav
low_290.wav,152.00,low_freq,./dataset\low_freq\low_freq_290.wav
low_291.wav,66.00,low_freq,./dataset\low_freq\low_freq_291.wav
low_292.wav,75.00,low_freq,./dataset\low_freq\low_freq_292.wav
low_293.wav,189.00,low_freq,./dataset\low_freq\low_freq_293.wav
low_294.wav,179.00,low_freq,./dataset\low_freq\low_freq_294.wav
low_295.wav,172.00,low_freq,./dataset\low_freq\low_freq_295.wav
low_296.wav,241.00,low_freq,./dataset\low_freq\low_freq_296.wav
low_297.wav,76.00,low_freq,./dataset\low_freq\low_freq_297.wav
low_298.wav,151.00,low_freq,./dataset\low_freq\low_freq_298.wav
low_299.wav,203.00,low_freq,./dataset\low_freq\low_freq_299.wav
low_300.wav,122.00,low_freq,./dataset\low_freq\low_freq_300.wav
low_301.wav,230.00,low_freq,./dataset\low_freq\low_freq_301.wav
low_302.wav,76.00,low_freq,./dataset\low_freq\low_freq_302.wav
low_303.wav,148.00,low_freq,./dataset\low_freq\low_freq_303.wav
low_304.wav,104.00,low_freq,./dataset\low_freq\low_freq_304.wav
low_305.wav,99.00,low_freq,./dataset\low_freq\low_freq_305.wav
low_306.wav,120.00,low_freq,./dataset\low_freq\low_freq_306.wav
low_307.wav,201.00,low_freq,./dataset\low_freq\low_freq_307.wav
low_308.wav,139.00,low_freq,./dataset\low_freq\low_freq_308.wav
low_309.wav,203.00,low_freq,./dataset\low_freq\low_freq_309.wav
low_310.wav,74.00,low_freq,./dataset\low_freq\low_freq_310.wav
low_311.wav,240.00,low_freq,./dataset\low_freq\low_freq_311.wav
low_312.wav,119.00,low_freq,./dataset\low_freq\low_freq_312.wav
low_313.wav,138.00,low_freq,./dataset\low_freq\low_freq_313.wav
low_314.wav,249.00,low_freq,./dataset\low_freq\low_freq_314.wav
low_315.wav,64.00,low_freq,./dataset\low_freq\low_freq_315.wav
low_316.wav,91.00,low_freq,./dataset\low_freq\low_freq_316.wav
low_317.wav,113.00,low_freq,./dataset\low_freq\low_freq_317.wav
low_318.wav,58.00,low_freq,./dataset\low_freq\low_freq_318.wav
low_319.wav,94.00,low_freq,./dataset\low_freq\low_freq_319.wav
low_320.wav,70.00,low_freq,./dataset\low_freq\low_freq_320.wav
low_321.wav,60.00,low_freq,./dataset\low_freq\low_freq_321.wav
low_322.wav,162.00,low_freq,./dataset\low_freq\low_freq_322.wav
low_323.wav,154.00,low_freq,./dataset\low_freq\low_freq_323.wav
low_324.wav,120.00,low_freq,./dataset\low_freq\low_freq_324.wav
low_325.wav,124.00,low_freq,./dataset\low_freq\low_freq_325.wav
low_326.wav,87.00,low_freq,./dataset\low_freq\low_freq_326.wav
low_327.wav,151.00,low_freq,./dataset\low_freq\low_freq_327.wav
low_328.wav,221.00,low_freq,./dataset\low_freq\low_freq_328.wav
low_329.wav,68.00,low_freq,./dataset\low_freq\low_freq_329.wav
low_330.wav,247.00,low_freq,./dataset\low_freq\low_freq_330.wav
low_331.wav,167.00,low_freq,./dataset\low_freq\low_freq_331.wav
low_332.wav,112.00,low_freq,./dataset\low_freq\low_freq_332.wav
mid_0.wav,1324.00,mid_freq,./dataset\mid_freq\mid_freq_002.wav
mid_1.wav,1939.00,mid_freq,./dataset\mid_freq\mid_freq_003.wav
mid_2.wav,277.00,mid_freq,./dataset\mid_freq\mid_freq_004.wav
mid_3.wav,1281.00,mid_freq,./dataset\mid_freq\mid_freq_005.wav
mid_4.wav,485.00,mid_freq,./dataset\mid_freq\mid_freq_006.wav
mid_5.wav,773.00,mid_freq,./dataset\mid_freq\mid_freq_007.wav
mid_6.wav,297.00,mid_freq,./dataset\mid_freq\mid_freq_008.wav
mid_7.wav,1404.00,mid_freq,./dataset\mid_freq\mid_freq_009.wav
mid_8.wav,1926.00,mid_freq,./dataset\mid_freq\mid_freq_010.wav
mid_9.wav,826.00,mid_freq,./dataset\mid_freq\mid_freq_011.wav
mid_10.wav,1059.00,mid_freq,./dataset\mid_freq\mid_freq_012.wav
mid_11.wav,619.00,mid_freq,./dataset\mid_freq\mid_freq_013.wav
mid_12.wav,899.00,mid_freq,./dataset\mid_freq\mid_freq_014.wav
mid_13.wav,1685.00,mid_freq,./dataset\mid_freq\mid_freq_015.wav
mid_14.wav,1609.00,mid_freq,./dataset\mid_freq\mid_freq_016.wav
mid_15.wav,1237.00,mid_freq,./dataset\mid_freq\mid_freq_017.wav
mid_16.wav,705.00,mid_freq,./dataset\mid_freq\mid_freq_018.wav
mid_17.wav,1330.00,mid_freq,./dataset\mid_freq\mid_freq_019.wav
mid_18.wav,1860.00,mid_freq,./dataset\mid_freq\mid_freq_020.wav
mid_19.wav,1569.00,mid_freq,./dataset\mid_freq\mid_freq_021.wav
mid_20.wav,1436.00,mid_freq,./dataset\mid_freq\mid_freq_022.wav
mid_21.wav,1628.00,mid_freq,./dataset\mid_freq\mid_freq_023.wav
mid_22.wav,1459.00,mid_freq,./dataset\mid_freq\mid_freq_024.wav
mid_23.wav,1237.00,mid_freq,./dataset\mid_freq\mid_freq_025.wav
mid_24.wav,428.00,mid_freq,./dataset\mid_freq\mid_freq_026.wav
mid_25.wav,1865.00,mid_freq,./dataset\mid_freq\mid_freq_027.wav
mid_26.wav,1476.00,mid_freq,./dataset\mid_freq\mid_freq_028.wav
mid_27.wav,1480.00,mid_freq,./dataset\mid_freq\mid_freq_029.wav
mid_28.wav,313.00,mid_freq,./dataset\mid_freq\mid_freq_030.wav
mid_29.wav,608.00,mid_freq,./dataset\mid_freq\mid_freq_031.wav
mid_30.wav,719.00,mid_freq,./dataset\mid_freq\mid_freq_032.wav
mid_31.wav,1168.00,mid_freq,./dataset\mid_freq\mid_freq_033.wav
mid_32.wav,496.00,mid_freq,./dataset\mid_freq\mid_freq_034.wav
mid_33.wav,850.00,mid_freq,./dataset\mid_freq\mid_freq_035.wav
mid_34.wav,1567.00,mid_freq,./dataset\mid_freq\mid_freq_036.wav
mid_35.wav,1919.00,mid_freq,./dataset\mid_freq\mid_freq_037.wav
mid_36.wav,533.00,mid_freq,./dataset\mid_freq\mid_freq_038.wav
mid_37.wav,564.00,mid_freq,./dataset\mid_freq\mid_freq_039.wav
mid_38.wav,1264.00,mid_freq,./dataset\mid_freq\mid_freq_040.wav
mid_39.wav,1890.00,mid_freq,./dataset\mid_freq\mid_freq_041.wav
mid_40.wav,1911.00,mid_freq,./dataset\mid_freq\mid_freq_042.wav
mid_41.wav,564.00,mid_freq,./dataset\mid_freq\mid_freq_043.wav
mid_42.wav,883.00,mid_freq,./dataset\mid_freq\mid_freq_044.wav
mid_43.wav,1930.00,mid_freq,./dataset\mid_freq\mid_freq_045.wav
mid_44.wav,394.00,mid_freq,./dataset\mid_freq\mid_freq_046.wav
mid_45.wav,675.00,mid_freq,./dataset\mid_freq\mid_freq_047.wav
mid_46.wav,1053.00,mid_freq,./dataset\mid_freq\mid_freq_048.wav
mid_47.wav,403.00,mid_freq,./dataset\mid_freq\mid_freq_049.wav
mid_48.wav,387.00,mid_freq,./dataset\mid_freq\mid_freq_050.wav
mid_49.wav,376.00,mid_freq,./dataset\mid_freq\mid_freq_051.wav
mid_50.wav,520.00,mid_freq,./dataset\mid_freq\mid_freq_052.wav
mid_51.wav,754.00,mid_freq,./dataset\mid_freq\mid_freq_053.wav
mid_52.wav,743.00,mid_freq,./dataset\mid_freq\mid_freq_054.wav
mid_53.wav,1147.00,mid_freq,./dataset\mid_freq\mid_freq_055.wav
mid_54.wav,581.00,mid_freq,./dataset\mid_freq\mid_freq_056.wav
mid_55.wav,1795.00,mid_freq,./dataset\mid_freq\mid_freq_057.wav
mid_56.wav,493.00,mid_freq,./dataset\mid_freq\mid_freq_058.wav
mid_57.wav,340.00,mid_freq,./dataset\mid_freq\mid_freq_059.wav
mid_58.wav,663.00,mid_freq,./dataset\mid_freq\mid_freq_060.wav
mid_59.wav,649.00,mid_freq,./dataset\mid_freq\mid_freq_061.wav
mid_60.wav,1932.00,mid_freq,./dataset\mid_freq\mid_freq_062.wav
mid_61.wav,260.00,mid_freq,./dataset\mid_freq\mid_freq_063.wav
mid_62.wav,296.00,mid_freq,./dataset\mid_freq\mid_freq_064.wav
mid_63.wav,1707.00,mid_freq,./dataset\mid_freq\mid_freq_065.wav
mid_64.wav,977.00,mid_freq,./dataset\mid_freq\mid_freq_066.wav
mid_65.wav,311.00,mid_freq,./dataset\mid_freq\mid_freq_067.wav
mid_66.wav,1713.00,mid_freq,./dataset\mid_freq\mid_freq_068.wav
mid_67.wav,1422.00,mid_freq,./dataset\mid_freq\mid_freq_069.wav
mid_68.wav,1664.00,mid_freq,./dataset\mid_freq\mid_freq_070.wav
mid_69.wav,1428.00,mid_freq,./dataset\mid_freq\mid_freq_071.wav
mid_70.wav,1065.00,mid_freq,./dataset\mid_freq\mid_freq_072.wav
mid_71.wav,1752.00,mid_freq,./dataset\mid_freq\mid_freq_073.wav
mid_72.wav,755.00,mid_freq,./dataset\mid_freq\mid_freq_074.wav
mid_73.wav,519.00,mid_freq,./dataset\mid_freq\mid_freq_075.wav
mid_74.wav,1878.00,mid_freq,./dataset\mid_freq\mid_freq_076.wav
mid_75.wav,1386.00,mid_freq,./dataset\mid_freq\mid_freq_077.wav
mid_76.wav,1956.00,mid_freq,./dataset\mid_freq\mid_freq_078.wav
mid_77.wav,1880.00,mid_freq,./dataset\mid_freq\mid_freq_079.wav
mid_78.wav,872.00,mid_freq,./dataset\mid_freq\mid_freq_080.wav
mid_79.wav,1854.00,mid_freq,./dataset\mid_freq\mid_freq_081.wav
mid_80.wav,1787.00,mid_freq,./dataset\mid_freq\mid_freq_082.wav
mid_81.wav,1204.00,mid_freq,./dataset\mid_freq\mid_freq_083.wav
mid_82.wav,1423.00,mid_freq,./dataset\mid_freq\mid_freq_084.wav
mid_83.wav,416.00,mid_freq,./dataset\mid_freq\mid_freq_085.wav
mid_84.wav,1938.00,mid_freq,./dataset\mid_freq\mid_freq_086.wav
mid_85.wav,1393.00,mid_freq,./dataset\mid_freq\mid_freq_087.wav
mid_86.wav,1665.00,mid_freq,./dataset\mid_freq\mid_freq_088.wav
mid_87.wav,1371.00,mid_freq,./dataset\mid_freq\mid_freq_089.wav
mid_88.wav,1703.00,mid_freq,./dataset\mid_freq\mid_freq_090.wav
mid_89.wav,730.00,mid_freq,./dataset\mid_freq\mid_freq_091.wav
mid_90.wav,723.00,mid_freq,./dataset\mid_freq\mid_freq_092.wav
mid_91.wav,506.00,mid_freq,./dataset\mid_freq\mid_freq_093.wav
mid_92.wav,425.00,mid_freq,./dataset\mid_freq\mid_freq_094.wav
mid_93.wav,1695.00,mid_freq,./dataset\mid_freq\mid_freq_095.wav
mid_94.wav,1564.00,mid_freq,./dataset\mid_freq\mid_freq_096.wav
mid_95.wav,1227.00,mid_freq,./dataset\mid_freq\mid_freq_097.wav
mid_96.wav,858.00,mid_freq,./dataset\mid_freq\mid_freq_098.wav
mid_97.wav,1779.00,mid_freq,./dataset\mid_freq\mid_freq_099.wav
mid_98.wav,1135.00,mid_freq,./dataset\mid_freq\mid_freq_100.wav
mid_99.wav,1383.00,mid_freq,./dataset\mid_freq\mid_freq_101.wav
mid_100.wav,1629.00,mid_freq,./dataset\mid_freq\mid_freq_102.wav
mid_101.wav,578.00,mid_freq,./dataset\mid_freq\mid_freq_103.wav
mid_102.wav,1569.00,mid_freq,./dataset\mid_freq\mid_freq_104.wav
mid_103.wav,473.00,mid_freq,./dataset\mid_freq\mid_freq_105.wav
mid_104.wav,1047.00,mid_freq,./dataset\mid_freq\mid_freq_106.wav
mid_105.wav,399.00,mid_freq,./dataset\mid_freq\mid_freq_107.wav
mid_106.wav,523.00,mid_freq,./dataset\mid_freq\mid_freq_108.wav
mid_107.wav,1794.00,mid_freq,./dataset\mid_freq\mid_freq_109.wav
mid_108.wav,1895.00,mid_freq,./dataset\mid_freq\mid_freq_110.wav
mid_109.wav,519.00,mid_freq,./dataset\mid_freq\mid_freq_111.wav
mid_110.wav,483.00,mid_freq,./dataset\mid_freq\mid_freq_112.wav
mid_111.wav,365.00,mid_freq,./dataset\mid_freq\mid_freq_113.wav
mid_112.wav,815.00,mid_freq,./dataset\mid_freq\mid_freq_114.wav
mid_113.wav,434.00,mid_freq,./dataset\mid_freq\mid_freq_115.wav
mid_114.wav,1789.00,mid_freq,./dataset\mid_freq\mid_freq_116.wav
mid_115.wav,854.00,mid_freq,./dataset\mid_freq\mid_freq_117.wav
mid_116.wav,1737.00,mid_freq,./dataset\mid_freq\mid_freq_118.wav
mid_117.wav,673.00,mid_freq,./dataset\mid_freq\mid_freq_119.wav
mid_118.wav,1888.00,mid_freq,./dataset\mid_freq\mid_freq_120.wav
mid_119.wav,1473.00,mid_freq,./dataset\mid_freq\mid_freq_121.wav
mid_120.wav,912.00,mid_freq,./dataset\mid_freq\mid_freq_122.wav
mid_121.wav,1697.00,mid_freq,./dataset\mid_freq\mid_freq_123.wav
mid_122.wav,1696.00,mid_freq,./dataset\mid_freq\mid_freq_124.wav
mid_123.wav,1339.00,mid_freq,./dataset\mid_freq\mid_freq_125.wav
mid_124.wav,288.00,mid_freq,./dataset\mid_freq\mid_freq_126.wav
mid_125.wav,1022.00,mid_freq,./dataset\mid_freq\mid_freq_127.wav
mid_126.wav,422.00,mid_freq,./dataset\mid_freq\mid_freq_128.wav
mid_127.wav,1950.00,mid_freq,./dataset\mid_freq\mid_freq_129.wav
mid_128.wav,1002.00,mid_freq,./dataset\mid_freq\mid_freq_130.wav
mid_129.wav,1503.00,mid_freq,./dataset\mid_freq\mid_freq_131.wav
mid_130.wav,1892.00,mid_freq,./dataset\mid_freq\mid_freq_132.wav
mid_131.wav,428.00,mid_freq,./dataset\mid_freq\mid_freq_133.wav
mid_132.wav,1732.00,mid_freq,./dataset\mid_freq\mid_freq_134.wav
mid_133.wav,1806.00,mid_freq,./dataset\mid_freq\mid_freq_135.wav
mid_134.wav,1278.00,mid_freq,./dataset\mid_freq\mid_freq_136.wav
mid_135.wav,1840.00,mid_freq,./dataset\mid_freq\mid_freq_137.wav
mid_136.wav,1192.00,mid_freq,./dataset\mid_freq\mid_freq_138.wav
mid_137.wav,613.00,mid_freq,./dataset\mid_freq\mid_freq_139.wav
mid_138.wav,1749.00,mid_freq,./dataset\mid_freq\mid_freq_140.wav
mid_139.wav,1389.00,mid_freq,./dataset\mid_freq\mid_freq_141.wav
mid_140.wav,1629.00,mid_freq,./dataset\mid_freq\mid_freq_142.wav
mid_141.wav,856.00,mid_freq,./dataset\mid_freq\mid_freq_143.wav
mid_142.wav,874.00,mid_freq,./dataset\mid_freq\mid_freq_144.wav
mid_143.wav,868.00,mid_freq,./dataset\mid_freq\mid_freq_145.wav
mid_144.wav,1063.00,mid_freq,./dataset\mid_freq\mid_freq_146.wav
mid_145.wav,543.00,mid_freq,./dataset\mid_freq\mid_freq_147.wav
mid_146.wav,577.00,mid_freq,./dataset\mid_freq\mid_freq_148.wav
mid_147.wav,877.00,mid_freq,./dataset\mid_freq\mid_freq_149.wav
mid_148.wav,1889.00,mid_freq,./dataset\mid_freq\mid_freq_150.wav
mid_149.wav,943.00,mid_freq,./dataset\mid_freq\mid_freq_151.wav
mid_150.wav,1013.00,mid_freq,./dataset\mid_freq\mid_freq_152.wav
mid_151.wav,786.00,mid_freq,./dataset\mid_freq\mid_freq_153.wav
mid_152.wav,508.00,mid_freq,./dataset\mid_freq\mid_freq_154.wav
mid_153.wav,1369.00,mid_freq,./dataset\mid_freq\mid_freq_155.wav
mid_154.wav,839.00,mid_freq,./dataset\mid_freq\mid_freq_156.wav
mid_155.wav,345.00,mid_freq,./dataset\mid_freq\mid_freq_157.wav
mid_156.wav,1178.00,mid_freq,./dataset\mid_freq\mid_freq_158.wav
mid_157.wav,700.00,mid_freq,./dataset\mid_freq\mid_freq_159.wav
mid_158.wav,1435.00,mid_freq,./dataset\mid_freq\mid_freq_160.wav
mid_159.wav,1275.00,mid_freq,./dataset\mid_freq\mid_freq_161.wav
mid_160.wav,1276.00,mid_freq,./dataset\mid_freq\mid_freq_162.wav
mid_161.wav,1087.00,mid_freq,./dataset\mid_freq\mid_freq_163.wav
mid_162.wav,618.00,mid_freq,./dataset\mid_freq\mid_freq_164.wav
mid_163.wav,529.00,mid_freq,./dataset\mid_freq\mid_freq_165.wav
mid_164.wav,1035.00,mid_freq,./dataset\mid_freq\mid_freq_166.wav
mid_165.wav,423.00,mid_freq,./dataset\mid_freq\mid_freq_167.wav
mid_166.wav,1987.00,mid_freq,./dataset\mid_freq\mid_freq_168.wav
mid_167.wav,1848.00,mid_freq,./dataset\mid_freq\mid_freq_169.wav
mid_168.wav,980.00,mid_freq,./dataset\mid_freq\mid_freq_170.wav
mid_169.wav,451.00,mid_freq,./dataset\mid_freq\mid_freq_171.wav
mid_170.wav,1645.00,mid_freq,./dataset\mid_freq\mid_freq_172.wav
mid_171.wav,1155.00,mid_freq,./dataset\mid_freq\mid_freq_173.wav
mid_172.wav,336.00,mid_freq,./dataset\mid_freq\mid_freq_174.wav
mid_173.wav,1917.00,mid_freq,./dataset\mid_freq\mid_freq_175.wav
mid_174.wav,917.00,mid_freq,./dataset\mid_freq\mid_freq_176.wav
mid_175.wav,1643.00,mid_freq,./dataset\mid_freq\mid_freq_177.wav
mid_176.wav,708.00,mid_freq,./dataset\mid_freq\mid_freq_178.wav
mid_177.wav,496.00,mid_freq,./dataset\mid_freq\mid_freq_179.wav
mid_178.wav,1245.00,mid_freq,./dataset\mid_freq\mid_freq_180.wav
mid_179.wav,360.00,mid_freq,./dataset\mid_freq\mid_freq_181.wav
mid_180.wav,1679.00,mid_freq,./dataset\mid_freq\mid_freq_182.wav
mid_181.wav,1977.00,mid_freq,./dataset\mid_freq\mid_freq_183.wav
mid_182.wav,1402.00,mid_freq,./dataset\mid_freq\mid_freq_184.wav
mid_183.wav,1671.00,mid_freq,./dataset\mid_freq\mid_freq_185.wav
mid_184.wav,1687.00,mid_freq,./dataset\mid_freq\mid_freq_186.wav
mid_185.wav,1006.00,mid_freq,./dataset\mid_freq\mid_freq_187.wav
mid_186.wav,1431.00,mid_freq,./dataset\mid_freq\mid_freq_188.wav
mid_187.wav,1968.00,mid_freq,./dataset\mid_freq\mid_freq_189.wav
mid_188.wav,331.00,mid_freq,./dataset\mid_freq\mid_freq_190.wav
mid_189.wav,310.00,mid_freq,./dataset\mid_freq\mid_freq_191.wav
mid_190.wav,1505.00,mid_freq,./dataset\mid_freq\mid_freq_192.wav
mid_191.wav,1090.00,mid_freq,./dataset\mid_freq\mid_freq_193.wav
mid_192.wav,853.00,mid_freq,./dataset\mid_freq\mid_freq_194.wav
mid_193.wav,962.00,mid_freq,./dataset\mid_freq\mid_freq_195.wav
mid_194.wav,1825.00,mid_freq,./dataset\mid_freq\mid_freq_196.wav
mid_195.wav,377.00,mid_freq,./dataset\mid_freq\mid_freq_197.wav
mid_196.wav,333.00,mid_freq,./dataset\mid_freq\mid_freq_198.wav
mid_197.wav,581.00,mid_freq,./dataset\mid_freq\mid_freq_199.wav
mid_198.wav,1013.00,mid_freq,./dataset\mid_freq\mid_freq_200.wav
mid_199.wav,419.00,mid_freq,./dataset\mid_freq\mid_freq_201.wav
mid_200.wav,1744.00,mid_freq,./dataset\mid_freq\mid_freq_202.wav
mid_201.wav,851.00,mid_freq,./dataset\mid_freq\mid_freq_203.wav
mid_202.wav,1914.00,mid_freq,./dataset\mid_freq\mid_freq_204.wav
mid_203.wav,1306.00,mid_freq,./dataset\mid_freq\mid_freq_205.wav
mid_204.wav,1270.00,mid_freq,./dataset\mid_freq\mid_freq_206.wav
mid_205.wav,1260.00,mid_freq,./dataset\mid_freq\mid_freq_207.wav
mid_206.wav,258.00,mid_freq,./dataset\mid_freq\mid_freq_208.wav
mid_207.wav,1354.00,mid_freq,./dataset\mid_freq\mid_freq_209.wav
mid_208.wav,484.00,mid_freq,./dataset\mid_freq\mid_freq_210.wav
mid_209.wav,768.00,mid_freq,./dataset\mid_freq\mid_freq_211.wav
mid_210.wav,1619.00,mid_freq,./dataset\mid_freq\mid_freq_212.wav
mid_211.wav,1662.00,mid_freq,./dataset\mid_freq\mid_freq_213.wav
mid_212.wav,282.00,mid_freq,./dataset\mid_freq\mid_freq_214.wav
mid_213.wav,461.00,mid_freq,./dataset\mid_freq\mid_freq_215.wav
mid_214.wav,435.00,mid_freq,./dataset\mid_freq\mid_freq_216.wav
mid_215.wav,1072.00,mid_freq,./dataset\mid_freq\mid_freq_217.wav
mid_216.wav,1358.00,mid_freq,./dataset\mid_freq\mid_freq_218.wav
mid_217.wav,826.00,mid_freq,./dataset\mid_freq\mid_freq_219.wav
mid_218.wav,1953.00,mid_freq,./dataset\mid_freq\mid_freq_220.wav
mid_219.wav,1280.00,mid_freq,./dataset\mid_freq\mid_freq_221.wav
mid_220.wav,1636.00,mid_freq,./dataset\mid_freq\mid_freq_222.wav
mid_221.wav,1827.00,mid_freq,./dataset\mid_freq\mid_freq_223.wav
mid_222.wav,1118.00,mid_freq,./dataset\mid_freq\mid_freq_224.wav
mid_223.wav,1781.00,mid_freq,./dataset\mid_freq\mid_freq_225.wav
mid_224.wav,1390.00,mid_freq,./dataset\mid_freq\mid_freq_226.wav
mid_225.wav,293.00,mid_freq,./dataset\mid_freq\mid_freq_227.wav
mid_226.wav,1048.00,mid_freq,./dataset\mid_freq\mid_freq_228.wav
mid_227.wav,948.00,mid_freq,./dataset\mid_freq\mid_freq_229.wav
mid_228.wav,1027.00,mid_freq,./dataset\mid_freq\mid_freq_230.wav
mid_229.wav,1814.00,mid_freq,./dataset\mid_freq\mid_freq_231.wav
mid_230.wav,1297.00,mid_freq,./dataset\mid_freq\mid_freq_232.wav
mid_231.wav,1979.00,mid_freq,./dataset\mid_freq\mid_freq_233.wav
mid_232.wav,1109.00,mid_freq,./dataset\mid_freq\mid_freq_234.wav
mid_233.wav,1944.00,mid_freq,./dataset\mid_freq\mid_freq_235.wav
mid_234.wav,1430.00,mid_freq,./dataset\mid_freq\mid_freq_236.wav
mid_235.wav,940.00,mid_freq,./dataset\mid_freq\mid_freq_237.wav
mid_236.wav,1091.00,mid_freq,./dataset\mid_freq\mid_freq_238.wav
mid_237.wav,504.00,mid_freq,./dataset\mid_freq\mid_freq_239.wav
mid_238.wav,635.00,mid_freq,./dataset\mid_freq\mid_freq_240.wav
mid_239.wav,1580.00,mid_freq,./dataset\mid_freq\mid_freq_241.wav
mid_240.wav,1363.00,mid_freq,./dataset\mid_freq\mid_freq_242.wav
mid_241.wav,1398.00,mid_freq,./dataset\mid_freq\mid_freq_243.wav
mid_242.wav,1221.00,mid_freq,./dataset\mid_freq\mid_freq_244.wav
mid_243.wav,1035.00,mid_freq,./dataset\mid_freq\mid_freq_245.wav
mid_244.wav,1168.00,mid_freq,./dataset\mid_freq\mid_freq_246.wav
mid_245.wav,259.00,mid_freq,./dataset\mid_freq\mid_freq_247.wav
mid_246.wav,1855.00,mid_freq,./dataset\mid_freq\mid_freq_248.wav
mid_247.wav,1804.00,mid_freq,./dataset\mid_freq\mid_freq_249.wav
mid_248.wav,1629.00,mid_freq,./dataset\mid_freq\mid_freq_250.wav
mid_249.wav,950.00,mid_freq,./dataset\mid_freq\mid_freq_251.wav
mid_250.wav,1072.00,mid_freq,./dataset\mid_freq\mid_freq_252.wav
mid_251.wav,1475.00,mid_freq,./dataset\mid_freq\mid_freq_253.wav
mid_252.wav,1970.00,mid_freq,./dataset\mid_freq\mid_freq_254.wav
mid_253.wav,553.00,mid_freq,./dataset\mid_freq\mid_freq_255.wav
mid_254.wav,1072.00,mid_freq,./dataset\mid_freq\mid_freq_256.wav
mid_255.wav,616.00,mid_freq,./dataset\mid_freq\mid_freq_257.wav
mid_256.wav,666.00,mid_freq,./dataset\mid_freq\mid_freq_258.wav
mid_257.wav,1381.00,mid_freq,./dataset\mid_freq\mid_freq_259.wav
mid_258.wav,1709.00,mid_freq,./dataset\mid_freq\mid_freq_260.wav
mid_259.wav,628.00,mid_freq,./dataset\mid_freq\mid_freq_261.wav
mid_260.wav,1409.00,mid_freq,./dataset\mid_freq\mid_freq_262.wav
mid_261.wav,916.00,mid_freq,./dataset\mid_freq\mid_freq_263.wav
mid_262.wav,1111.00,mid_freq,./dataset\mid_freq\mid_freq_264.wav
mid_263.wav,1532.00,mid_freq,./dataset\mid_freq\mid_freq_265.wav
mid_264.wav,841.00,mid_freq,./dataset\mid_freq\mid_freq_266.wav
mid_265.wav,1078.00,mid_freq,./dataset\mid_freq\mid_freq_267.wav
mid_266.wav,1330.00,mid_freq,./dataset\mid_freq\mid_freq_268.wav
mid_267.wav,438.00,mid_freq,./dataset\mid_freq\mid_freq_269.wav
mid_268.wav,1630.00,mid_freq,./dataset\mid_freq\mid_freq_270.wav
mid_269.wav,337.00,mid_freq,./dataset\mid_freq\mid_freq_271.wav
mid_270.wav,429.00,mid_freq,./dataset\mid_freq\mid_freq_272.wav
mid_271.wav,815.00,mid_freq,./dataset\mid_freq\mid_freq_273.wav
mid_272.wav,1543.00,mid_freq,./dataset\mid_freq\mid_freq_274.wav
mid_273.wav,402.00,mid_freq,./dataset\mid_freq\mid_freq_275.wav
mid_274.wav,597.00,mid_freq,./dataset\mid_freq\mid_freq_276.wav
mid_275.wav,640.00,mid_freq,./dataset\mid_freq\mid_freq_277.wav
mid_276.wav,1530.00,mid_freq,./dataset\mid_freq\mid_freq_278.wav
mid_277.wav,1090.00,mid_freq,./dataset\mid_freq\mid_freq_279.wav
mid_278.wav,844.00,mid_freq,./dataset\mid_freq\mid_freq_280.wav
mid_279.wav,876.00,mid_freq,./dataset\mid_freq\mid_freq_281.wav
mid_280.wav,720.00,mid_freq,./dataset\mid_freq\mid_freq_282.wav
mid_281.wav,559.00,mid_freq,./dataset\mid_freq\mid_freq_283.wav
mid_282.wav,1962.00,mid_freq,./dataset\mid_freq\mid_freq_284.wav
mid_283.wav,1985.00,mid_freq,./dataset\mid_freq\mid_freq_285.wav
mid_284.wav,286.00,mid_freq,./dataset\mid_freq\mid_freq_286.wav
mid_285.wav,1377.00,mid_freq,./dataset\mid_freq\mid_freq_287.wav
mid_286.wav,1114.00,mid_freq,./dataset\mid_freq\mid_freq_288.wav
mid_287.wav,462.00,mid_freq,./dataset\mid_freq\mid_freq_289.wav
mid_288.wav,1809.00,mid_freq,./dataset\mid_freq\mid_freq_290.wav
mid_289.wav,744.00,mid_freq,./dataset\mid_freq\mid_freq_291.wav
mid_290.wav,934.00,mid_freq,./dataset\mid_freq\mid_freq_292.wav
mid_291.wav,1516.00,mid_freq,./dataset\mid_freq\mid_freq_293.wav
mid_292.wav,976.00,mid_freq,./dataset\mid_freq\mid_freq_294.wav
mid_293.wav,1765.00,mid_freq,./dataset\mid_freq\mid_freq_295.wav
mid_294.wav,1646.00,mid_freq,./dataset\mid_freq\mid_freq_296.wav
mid_295.wav,655.00,mid_freq,./dataset\mid_freq\mid_freq_297.wav
mid_296.wav,797.00,mid_freq,./dataset\mid_freq\mid_freq_298.wav
mid_297.wav,1186.00,mid_freq,./dataset\mid_freq\mid_freq_299.wav
mid_298.wav,1040.00,mid_freq,./dataset\mid_freq\mid_freq_300.wav
mid_299.wav,1639.00,mid_freq,./dataset\mid_freq\mid_freq_301.wav
mid_300.wav,1157.00,mid_freq,./dataset\mid_freq\mid_freq_302.wav
mid_301.wav,922.00,mid_freq,./dataset\mid_freq\mid_freq_303.wav
mid_302.wav,292.00,mid_freq,./dataset\mid_freq\mid_freq_304.wav
mid_303.wav,1911.00,mid_freq,./dataset\mid_freq\mid_freq_305.wav
mid_304.wav,931.00,mid_freq,./dataset\mid_freq\mid_freq_306.wav
mid_305.wav,687.00,mid_freq,./dataset\mid_freq\mid_freq_307.wav
mid_306.wav,1251.00,mid_freq,./dataset\mid_freq\mid_freq_308.wav
mid_307.wav,1693.00,mid_freq,./dataset\mid_freq\mid_freq_309.wav
mid_308.wav,1548.00,mid_freq,./dataset\mid_freq\mid_freq_310.wav
mid_309.wav,653.00,mid_freq,./dataset\mid_freq\mid_freq_311.wav
mid_310.wav,293.00,mid_freq,./dataset\mid_freq\mid_freq_312.wav
mid_311.wav,1639.00,mid_freq,./dataset\mid_freq\mid_freq_313.wav
mid_312.wav,1394.00,mid_freq,./dataset\mid_freq\mid_freq_314.wav
mid_313.wav,1521.00,mid_freq,./dataset\mid_freq\mid_freq_315.wav
mid_314.wav,1600.00,mid_freq,./dataset\mid_freq\mid_freq_316.wav
mid_315.wav,354.00,mid_freq,./dataset\mid_freq\mid_freq_317.wav
mid_316.wav,693.00,mid_freq,./dataset\mid_freq\mid_freq_318.wav
mid_317.wav,1273.00,mid_freq,./dataset\mid_freq\mid_freq_319.wav
mid_318.wav,758.00,mid_freq,./dataset\mid_freq\mid_freq_320.wav
mid_319.wav,1554.00,mid_freq,./dataset\mid_freq\mid_freq_321.wav
mid_320.wav,266.00,mid_freq,./dataset\mid_freq\mid_freq_322.wav
mid_321.wav,1580.00,mid_freq,./dataset\mid_freq\mid_freq_323.wav
mid_322.wav,1774.00,mid_freq,./dataset\mid_freq\mid_freq_324.wav
mid_323.wav,1737.00,mid_freq,./dataset\mid_freq\mid_freq_325.wav
mid_324.wav,1024.00,mid_freq,./dataset\mid_freq\mid_freq_326.wav
mid_325.wav,317.00,mid_freq,./dataset\mid_freq\mid_freq_327.wav
mid_326.wav,728.00,mid_freq,./dataset\mid_freq\mid_freq_328.wav
mid_327.wav,909.00,mid_freq,./dataset\mid_freq\mid_freq_329.wav
mid_328.wav,1877.00,mid_freq,./dataset\mid_freq\mid_freq_330.wav
mid_329.wav,1796.00,mid_freq,./dataset\mid_freq\mid_freq_331.wav
mid_330.wav,343.00,mid_freq,./dataset\mid_freq\mid_freq_332.wav
mid_331.wav,598.00,mid_freq,./dataset\mid_freq\mid_freq_333.wav
mid_332.wav,685.00,mid_freq,./dataset\mid_freq\mid_freq_334.wav
high_0.wav,8949.00,high_freq,./dataset\high_freq\high_freq_001.wav
high_1.wav,3569.00,high_freq,./dataset\high_freq\high_freq_002.wav
high_2.wav,9736.00,high_freq,./dataset\high_freq\high_freq_003.wav
high_3.wav,5063.00,high_freq,./dataset\high_freq\high_freq_004.wav
high_4.wav,7439.00,high_freq,./dataset\high_freq\high_freq_005.wav
high_5.wav,4712.00,high_freq,./dataset\high_freq\high_freq_006.wav
high_6.wav,2478.00,high_freq,./dataset\high_freq\high_freq_007.wav
high_7.wav,3446.00,high_freq,./dataset\high_freq\high_freq_008.wav
high_8.wav,3779.00,high_freq,./dataset\high_freq\high_freq_009.wav
high_9.wav,7191.00,high_freq,./dataset\high_freq\high_freq_010.wav
high_10.wav,5239.00,high_freq,./dataset\high_freq\high_freq_011.wav
high_11.wav,6894.00,high_freq,./dataset\high_freq\high_freq_012.wav
high_12.wav,3401.00,high_freq,./dataset\high_freq\high_freq_013.wav
high_13.wav,2932.00,high_freq,./dataset\high_freq\high_freq_014.wav
high_14.wav,8702.00,high_freq,./dataset\high_freq\high_freq_015.wav
high_15.wav,5580.00,high_freq,./dataset\high_freq\high_freq_016.wav
high_16.wav,6916.00,high_freq,./dataset\high_freq\high_freq_017.wav
high_17.wav,9630.00,high_freq,./dataset\high_freq\high_freq_018.wav
high_18.wav,8602.00,high_freq,./dataset\high_freq\high_freq_019.wav
high_19.wav,2735.00,high_freq,./dataset\high_freq\high_freq_020.wav
high_20.wav,4821.00,high_freq,./dataset\high_freq\high_freq_021.wav
high_21.wav,4674.00,high_freq,./dataset\high_freq\high_freq_022.wav
high_22.wav,7703.00,high_freq,./dataset\high_freq\high_freq_023.wav
high_23.wav,8359.00,high_freq,./dataset\high_freq\high_freq_024.wav
high_24.wav,5680.00,high_freq,./dataset\high_freq\high_freq_025.wav
high_25.wav,8273.00,high_freq,./dataset\high_freq\high_freq_026.wav
high_26.wav,3289.00,high_freq,./dataset\high_freq\high_freq_027.wav
high_27.wav,5069.00,high_freq,./dataset\high_freq\high_freq_028.wav
high_28.wav,7479.00,high_freq,./dataset\high_freq\high_freq_029.wav
high_29.wav,7021.00,high_freq,./dataset\high_freq\high_freq_030.wav
high_30.wav,8286.00,high_freq,./dataset\high_freq\high_freq_031.wav
high_31.wav,7311.00,high_freq,./dataset\high_freq\high_freq_032.wav
high_32.wav,4336.00,high_freq,./dataset\high_freq\high_freq_033.wav
high_33.wav,7475.00,high_freq,./dataset\high_freq\high_freq_034.wav
high_34.wav,8464.00,high_freq,./dataset\high_freq\high_freq_035.wav
high_35.wav,6536.00,high_freq,./dataset\high_freq\high_freq_036.wav
high_36.wav,2472.00,high_freq,./dataset\high_freq\high_freq_037.wav
high_37.wav,5567.00,high_freq,./dataset\high_freq\high_freq_038.wav
high_38.wav,9819.00,high_freq,./dataset\high_freq\high_freq_039.wav
high_39.wav,8081.00,high_freq,./dataset\high_freq\high_freq_040.wav
high_40.wav,5121.00,high_freq,./dataset\high_freq\high_freq_041.wav
high_41.wav,5155.00,high_freq,./dataset\high_freq\high_freq_042.wav
high_42.wav,7349.00,high_freq,./dataset\high_freq\high_freq_043.wav
high_43.wav,4202.00,high_freq,./dataset\high_freq\high_freq_044.wav
high_44.wav,7353.00,high_freq,./dataset\high_freq\high_freq_045.wav
high_45.wav,7814.00,high_freq,./dataset\high_freq\high_freq_046.wav
high_46.wav,2663.00,high_freq,./dataset\high_freq\high_freq_047.wav
high_47.wav,9380.00,high_freq,./dataset\high_freq\high_freq_048.wav
high_48.wav,8777.00,high_freq,./dataset\high_freq\high_freq_049.wav
high_49.wav,2181.00,high_freq,./dataset\high_freq\high_freq_050.wav
high_50.wav,4306.00,high_freq,./dataset\high_freq\high_freq_051.wav
high_51.wav,2845.00,high_freq,./dataset\high_freq\high_freq_052.wav
high_52.wav,8635.00,high_freq,./dataset\high_freq\high_freq_053.wav
high_53.wav,3411.00,high_freq,./dataset\high_freq\high_freq_054.wav
high_54.wav,3447.00,high_freq,./dataset\high_freq\high_freq_055.wav
high_55.wav,9298.00,high_freq,./dataset\high_freq\high_freq_056.wav
high_56.wav,9425.00,high_freq,./dataset\high_freq\high_freq_057.wav
high_57.wav,3016.00,high_freq,./dataset\high_freq\high_freq_058.wav
high_58.wav,5830.00,high_freq,./dataset\high_freq\high_freq_059.wav
high_59.wav,4852.00,high_freq,./dataset\high_freq\high_freq_060.wav
high_60.wav,2984.00,high_freq,./dataset\high_freq\high_freq_061.wav
high_61.wav,4607.00,high_freq,./dataset\high_freq\high_freq_062.wav
high_62.wav,3266.00,high_freq,./dataset\high_freq\high_freq_063.wav
high_63.wav,7694.00,high_freq,./dataset\high_freq\high_freq_064.wav
high_64.wav,9120.00,high_freq,./dataset\high_freq\high_freq_065.wav
high_65.wav,6089.00,high_freq,./dataset\high_freq\high_freq_066.wav
high_66.wav,4766.00,high_freq,./dataset\high_freq\high_freq_067.wav
high_67.wav,2176.00,high_freq,./dataset\high_freq\high_freq_068.wav
high_68.wav,6006.00,high_freq,./dataset\high_freq\high_freq_069.wav
high_69.wav,3558.00,high_freq,./dataset\high_freq\high_freq_070.wav
high_70.wav,8792.00,high_freq,./dataset\high_freq\high_freq_071.wav
high_71.wav,9984.00,high_freq,./dataset\high_freq\high_freq_072.wav
high_72.wav,6112.00,high_freq,./dataset\high_freq\high_freq_073.wav
high_73.wav,2793.00,high_freq,./dataset\high_freq\high_freq_074.wav
high_74.wav,3351.00,high_freq,./dataset\high_freq\high_freq_075.wav
high_75.wav,2297.00,high_freq,./dataset\high_freq\high_freq_076.wav
high_76.wav,7400.00,high_freq,./dataset\high_freq\high_freq_077.wav
high_77.wav,5682.00,high_freq,./dataset\high_freq\high_freq_078.wav
high_78.wav,8566.00,high_freq,./dataset\high_freq\high_freq_079.wav
high_79.wav,7687.00,high_freq,./dataset\high_freq\high_freq_080.wav
high_80.wav,9298.00,high_freq,./dataset\high_freq\high_freq_081.wav
high_81.wav,6658.00,high_freq,./dataset\high_freq\high_freq_082.wav
high_82.wav,6233.00,high_freq,./dataset\high_freq\high_freq_083.wav
high_83.wav,6159.00,high_freq,./dataset\high_freq\high_freq_084.wav
high_84.wav,2697.00,high_freq,./dataset\high_freq\high_freq_085.wav
high_85.wav,4984.00,high_freq,./dataset\high_freq\high_freq_086.wav
high_86.wav,8059.00,high_freq,./dataset\high_freq\high_freq_087.wav
high_87.wav,3212.00,high_freq,./dataset\high_freq\high_freq_088.wav
high_88.wav,5867.00,high_freq,./dataset\high_freq\high_freq_089.wav
high_89.wav,7630.00,high_freq,./dataset\high_freq\high_freq_090.wav
high_90.wav,2391.00,high_freq,./dataset\high_freq\high_freq_091.wav
high_91.wav,2586.00,high_freq,./dataset\high_freq\high_freq_092.wav
high_92.wav,5238.00,high_freq,./dataset\high_freq\high_freq_093.wav
high_93.wav,6566.00,high_freq,./dataset\high_freq\high_freq_094.wav
high_94.wav,9398.00,high_freq,./dataset\high_freq\high_freq_095.wav
high_95.wav,2636.00,high_freq,./dataset\high_freq\high_freq_096.wav
high_96.wav,8055.00,high_freq,./dataset\high_freq\high_freq_097.wav
high_97.wav,9820.00,high_freq,./dataset\high_freq\high_freq_098.wav
high_98.wav,5688.00,high_freq,./dataset\high_freq\high_freq_099.wav
high_99.wav,6861.00,high_freq,./dataset\high_freq\high_freq_100.wav
high_100.wav,2306.00,high_freq,./dataset\high_freq\high_freq_101.wav
high_101.wav,2749.00,high_freq,./dataset\high_freq\high_freq_102.wav
high_102.wav,3417.00,high_freq,./dataset\high_freq\high_freq_103.wav
high_103.wav,6599.00,high_freq,./dataset\high_freq\high_freq_104.wav
high_104.wav,4432.00,high_freq,./dataset\high_freq\high_freq_105.wav
high_105.wav,3224.00,high_freq,./dataset\high_freq\high_freq_106.wav
high_106.wav,8499.00,high_freq,./dataset\high_freq\high_freq_107.wav
high_107.wav,2436.00,high_freq,./dataset\high_freq\high_freq_108.wav
high_108.wav,7423.00,high_freq,./dataset\high_freq\high_freq_109.wav
high_109.wav,8221.00,high_freq,./dataset\high_freq\high_freq_110.wav
high_110.wav,9639.00,high_freq,./dataset\high_freq\high_freq_111.wav
high_111.wav,3468.00,high_freq,./dataset\high_freq\high_freq_112.wav
high_112.wav,2363.00,high_freq,./dataset\high_freq\high_freq_113.wav
high_113.wav,2770.00,high_freq,./dataset\high_freq\high_freq_114.wav
high_114.wav,4838.00,high_freq,./dataset\high_freq\high_freq_115.wav
high_115.wav,3275.00,high_freq,./dataset\high_freq\high_freq_116.wav
high_116.wav,4348.00,high_freq,./dataset\high_freq\high_freq_117.wav
high_117.wav,7616.00,high_freq,./dataset\high_freq\high_freq_118.wav
high_118.wav,7564.00,high_freq,./dataset\high_freq\high_freq_119.wav
high_119.wav,5507.00,high_freq,./dataset\high_freq\high_freq_120.wav
high_120.wav,8309.00,high_freq,./dataset\high_freq\high_freq_121.wav
high_121.wav,9717.00,high_freq,./dataset\high_freq\high_freq_122.wav
high_122.wav,2104.00,high_freq,./dataset\high_freq\high_freq_123.wav
high_123.wav,9418.00,high_freq,./dataset\high_freq\high_freq_124.wav
high_124.wav,4630.00,high_freq,./dataset\high_freq\high_freq_125.wav
high_125.wav,2927.00,high_freq,./dataset\high_freq\high_freq_126.wav
high_126.wav,4656.00,high_freq,./dataset\high_freq\high_freq_127.wav
high_127.wav,9816.00,high_freq,./dataset\high_freq\high_freq_128.wav
high_128.wav,6446.00,high_freq,./dataset\high_freq\high_freq_129.wav
high_129.wav,4974.00,high_freq,./dataset\high_freq\high_freq_130.wav
high_130.wav,3870.00,high_freq,./dataset\high_freq\high_freq_131.wav
high_131.wav,9524.00,high_freq,./dataset\high_freq\high_freq_132.wav
high_132.wav,7112.00,high_freq,./dataset\high_freq\high_freq_133.wav
high_133.wav,7037.00,high_freq,./dataset\high_freq\high_freq_134.wav
high_134.wav,9647.00,high_freq,./dataset\high_freq\high_freq_135.wav
high_135.wav,3457.00,high_freq,./dataset\high_freq\high_freq_136.wav
high_136.wav,3823.00,high_freq,./dataset\high_freq\high_freq_137.wav
high_137.wav,3367.00,high_freq,./dataset\high_freq\high_freq_138.wav
high_138.wav,6427.00,high_freq,./dataset\high_freq\high_freq_139.wav
high_139.wav,4825.00,high_freq,./dataset\high_freq\high_freq_140.wav
high_140.wav,6599.00,high_freq,./dataset\high_freq\high_freq_141.wav
high_141.wav,2172.00,high_freq,./dataset\high_freq\high_freq_142.wav
high_142.wav,4439.00,high_freq,./dataset\high_freq\high_freq_143.wav
high_143.wav,4199.00,high_freq,./dataset\high_freq\high_freq_144.wav
high_144.wav,4132.00,high_freq,./dataset\high_freq\high_freq_145.wav
high_145.wav,9695.00,high_freq,./dataset\high_freq\high_freq_146.wav
high_146.wav,6255.00,high_freq,./dataset\high_freq\high_freq_147.wav
high_147.wav,9256.00,high_freq,./dataset\high_freq\high_freq_148.wav
high_148.wav,5072.00,high_freq,./dataset\high_freq\high_freq_149.wav
high_149.wav,9227.00,high_freq,./dataset\high_freq\high_freq_150.wav
high_150.wav,9880.00,high_freq,./dataset\high_freq\high_freq_151.wav
high_151.wav,8490.00,high_freq,./dataset\high_freq\high_freq_152.wav
high_152.wav,4167.00,high_freq,./dataset\high_freq\high_freq_153.wav
high_153.wav,9517.00,high_freq,./dataset\high_freq\high_freq_154.wav
high_154.wav,5125.00,high_freq,./dataset\high_freq\high_freq_155.wav
high_155.wav,9914.00,high_freq,./dataset\high_freq\high_freq_156.wav
high_156.wav,9537.00,high_freq,./dataset\high_freq\high_freq_157.wav
high_157.wav,4228.00,high_freq,./dataset\high_freq\high_freq_158.wav
high_158.wav,4085.00,high_freq,./dataset\high_freq\high_freq_159.wav
high_159.wav,7264.00,high_freq,./dataset\high_freq\high_freq_160.wav
high_160.wav,4493.00,high_freq,./dataset\high_freq\high_freq_161.wav
high_161.wav,3437.00,high_freq,./dataset\high_freq\high_freq_162.wav
high_162.wav,7011.00,high_freq,./dataset\high_freq\high_freq_163.wav
high_163.wav,3218.00,high_freq,./dataset\high_freq\high_freq_164.wav
high_164.wav,9332.00,high_freq,./dataset\high_freq\high_freq_165.wav
high_165.wav,4688.00,high_freq,./dataset\high_freq\high_freq_166.wav
high_166.wav,9601.00,high_freq,./dataset\high_freq\high_freq_167.wav
high_167.wav,6228.00,high_freq,./dataset\high_freq\high_freq_168.wav
high_168.wav,5281.00,high_freq,./dataset\high_freq\high_freq_169.wav
high_169.wav,3493.00,high_freq,./dataset\high_freq\high_freq_170.wav
high_170.wav,4109.00,high_freq,./dataset\high_freq\high_freq_171.wav
high_171.wav,7069.00,high_freq,./dataset\high_freq\high_freq_172.wav
high_172.wav,3793.00,high_freq,./dataset\high_freq\high_freq_173.wav
high_173.wav,5776.00,high_freq,./dataset\high_freq\high_freq_174.wav
high_174.wav,4284.00,high_freq,./dataset\high_freq\high_freq_175.wav
high_175.wav,7033.00,high_freq,./dataset\high_freq\high_freq_176.wav
high_176.wav,6720.00,high_freq,./dataset\high_freq\high_freq_177.wav
high_177.wav,5138.00,high_freq,./dataset\high_freq\high_freq_178.wav
high_178.wav,8177.00,high_freq,./dataset\high_freq\high_freq_179.wav
high_179.wav,4706.00,high_freq,./dataset\high_freq\high_freq_180.wav
high_180.wav,8332.00,high_freq,./dataset\high_freq\high_freq_181.wav
high_181.wav,5890.00,high_freq,./dataset\high_freq\high_freq_182.wav
high_182.wav,6789.00,high_freq,./dataset\high_freq\high_freq_183.wav
high_183.wav,5841.00,high_freq,./dataset\high_freq\high_freq_184.wav
high_184.wav,7243.00,high_freq,./dataset\high_freq\high_freq_185.wav
high_185.wav,5627.00,high_freq,./dataset\high_freq\high_freq_186.wav
high_186.wav,8673.00,high_freq,./dataset\high_freq\high_freq_187.wav
high_187.wav,5297.00,high_freq,./dataset\high_freq\high_freq_188.wav
high_188.wav,6686.00,high_freq,./dataset\high_freq\high_freq_189.wav
high_189.wav,9261.00,high_freq,./dataset\high_freq\high_freq_190.wav
high_190.wav,6566.00,high_freq,./dataset\high_freq\high_freq_191.wav
high_191.wav,8852.00,high_freq,./dataset\high_freq\high_freq_192.wav
high_192.wav,2277.00,high_freq,./dataset\high_freq\high_freq_193.wav
high_193.wav,7406.00,high_freq,./dataset\high_freq\high_freq_194.wav
high_194.wav,4561.00,high_freq,./dataset\high_freq\high_freq_195.wav
high_195.wav,2795.00,high_freq,./dataset\high_freq\high_freq_196.wav
high_196.wav,2792.00,high_freq,./dataset\high_freq\high_freq_197.wav
high_197.wav,3467.00,high_freq,./dataset\high_freq\high_freq_198.wav
high_198.wav,9763.00,high_freq,./dataset\high_freq\high_freq_199.wav
high_199.wav,3680.00,high_freq,./dataset\high_freq\high_freq_200.wav
high_200.wav,4550.00,high_freq,./dataset\high_freq\high_freq_201.wav
high_201.wav,9462.00,high_freq,./dataset\high_freq\high_freq_202.wav
high_202.wav,8836.00,high_freq,./dataset\high_freq\high_freq_203.wav
high_203.wav,9210.00,high_freq,./dataset\high_freq\high_freq_204.wav
high_204.wav,5288.00,high_freq,./dataset\high_freq\high_freq_205.wav
high_205.wav,6888.00,high_freq,./dataset\high_freq\high_freq_206.wav
high_206.wav,5555.00,high_freq,./dataset\high_freq\high_freq_207.wav
high_207.wav,9677.00,high_freq,./dataset\high_freq\high_freq_208.wav
high_208.wav,8225.00,high_freq,./dataset\high_freq\high_freq_209.wav
high_209.wav,8460.00,high_freq,./dataset\high_freq\high_freq_210.wav
high_210.wav,8078.00,high_freq,./dataset\high_freq\high_freq_211.wav
high_211.wav,9987.00,high_freq,./dataset\high_freq\high_freq_212.wav
high_212.wav,8091.00,high_freq,./dataset\high_freq\high_freq_213.wav
high_213.wav,9672.00,high_freq,./dataset\high_freq\high_freq_214.wav
high_214.wav,8803.00,high_freq,./dataset\high_freq\high_freq_215.wav
high_215.wav,3208.00,high_freq,./dataset\high_freq\high_freq_216.wav
high_216.wav,3323.00,high_freq,./dataset\high_freq\high_freq_217.wav
high_217.wav,2722.00,high_freq,./dataset\high_freq\high_freq_218.wav
high_218.wav,2246.00,high_freq,./dataset\high_freq\high_freq_219.wav
high_219.wav,9162.00,high_freq,./dataset\high_freq\high_freq_220.wav
high_220.wav,3951.00,high_freq,./dataset\high_freq\high_freq_221.wav
high_221.wav,5582.00,high_freq,./dataset\high_freq\high_freq_222.wav
high_222.wav,8805.00,high_freq,./dataset\high_freq\high_freq_223.wav
high_223.wav,2591.00,high_freq,./dataset\high_freq\high_freq_224.wav
high_224.wav,4007.00,high_freq,./dataset\high_freq\high_freq_225.wav
high_225.wav,4057.00,high_freq,./dataset\high_freq\high_freq_226.wav
high_226.wav,7312.00,high_freq,./dataset\high_freq\high_freq_227.wav
high_227.wav,6748.00,high_freq,./dataset\high_freq\high_freq_228.wav
high_228.wav,2241.00,high_freq,./dataset\high_freq\high_freq_229.wav
high_229.wav,7553.00,high_freq,./dataset\high_freq\high_freq_230.wav
high_230.wav,7598.00,high_freq,./dataset\high_freq\high_freq_231.wav
high_231.wav,3989.00,high_freq,./dataset\high_freq\high_freq_232.wav
high_232.wav,4119.00,high_freq,./dataset\high_freq\high_freq_233.wav
high_233.wav,9767.00,high_freq,./dataset\high_freq\high_freq_234.wav
high_234.wav,9537.00,high_freq,./dataset\high_freq\high_freq_235.wav
high_235.wav,8265.00,high_freq,./dataset\high_freq\high_freq_236.wav
high_236.wav,2777.00,high_freq,./dataset\high_freq\high_freq_237.wav
high_237.wav,3836.00,high_freq,./dataset\high_freq\high_freq_238.wav
high_238.wav,5954.00,high_freq,./dataset\high_freq\high_freq_239.wav
high_239.wav,2698.00,high_freq,./dataset\high_freq\high_freq_240.wav
high_240.wav,7562.00,high_freq,./dataset\high_freq\high_freq_241.wav
high_241.wav,8118.00,high_freq,./dataset\high_freq\high_freq_242.wav
high_242.wav,8894.00,high_freq,./dataset\high_freq\high_freq_243.wav
high_243.wav,8680.00,high_freq,./dataset\high_freq\high_freq_244.wav
high_244.wav,9574.00,high_freq,./dataset\high_freq\high_freq_245.wav
high_245.wav,6364.00,high_freq,./dataset\high_freq\high_freq_246.wav
high_246.wav,3257.00,high_freq,./dataset\high_freq\high_freq_247.wav
high_247.wav,6927.00,high_freq,./dataset\high_freq\high_freq_248.wav
high_248.wav,9521.00,high_freq,./dataset\high_freq\high_freq_249.wav
high_249.wav,7062.00,high_freq,./dataset\high_freq\high_freq_250.wav
high_250.wav,8287.00,high_freq,./dataset\high_freq\high_freq_251.wav
high_251.wav,9816.00,high_freq,./dataset\high_freq\high_freq_252.wav
high_252.wav,2177.00,high_freq,./dataset\high_freq\high_freq_253.wav
high_253.wav,3673.00,high_freq,./dataset\high_freq\high_freq_254.wav
high_254.wav,9239.00,high_freq,./dataset\high_freq\high_freq_255.wav
high_255.wav,3588.00,high_freq,./dataset\high_freq\high_freq_256.wav
high_256.wav,7630.00,high_freq,./dataset\high_freq\high_freq_257.wav
high_257.wav,9912.00,high_freq,./dataset\high_freq\high_freq_258.wav
high_258.wav,4590.00,high_freq,./dataset\high_freq\high_freq_259.wav
high_259.wav,6532.00,high_freq,./dataset\high_freq\high_freq_260.wav
high_260.wav,6794.00,high_freq,./dataset\high_freq\high_freq_261.wav
high_261.wav,7492.00,high_freq,./dataset\high_freq\high_freq_262.wav
high_262.wav,5403.00,high_freq,./dataset\high_freq\high_freq_263.wav
high_263.wav,9567.00,high_freq,./dataset\high_freq\high_freq_264.wav
high_264.wav,9281.00,high_freq,./dataset\high_freq\high_freq_265.wav
high_265.wav,4771.00,high_freq,./dataset\high_freq\high_freq_266.wav
high_266.wav,2266.00,high_freq,./dataset\high_freq\high_freq_267.wav
high_267.wav,9797.00,high_freq,./dataset\high_freq\high_freq_268.wav
high_268.wav,4591.00,high_freq,./dataset\high_freq\high_freq_269.wav
high_269.wav,7746.00,high_freq,./dataset\high_freq\high_freq_270.wav
high_270.wav,8735.00,high_freq,./dataset\high_freq\high_freq_271.wav
high_271.wav,4047.00,high_freq,./dataset\high_freq\high_freq_272.wav
high_272.wav,2679.00,high_freq,./dataset\high_freq\high_freq_273.wav
high_273.wav,9975.00,high_freq,./dataset\high_freq\high_freq_274.wav
high_274.wav,5990.00,high_freq,./dataset\high_freq\high_freq_275.wav
high_275.wav,2417.00,high_freq,./dataset\high_freq\high_freq_276.wav
high_276.wav,9844.00,high_freq,./dataset\high_freq\high_freq_277.wav
high_277.wav,3729.00,high_freq,./dataset\high_freq\high_freq_278.wav
high_278.wav,6981.00,high_freq,./dataset\high_freq\high_freq_279.wav
high_279.wav,7840.00,high_freq,./dataset\high_freq\high_freq_280.wav
high_280.wav,4125.00,high_freq,./dataset\high_freq\high_freq_281.wav
high_281.wav,5919.00,high_freq,./dataset\high_freq\high_freq_282.wav
high_282.wav,3502.00,high_freq,./dataset\high_freq\high_freq_283.wav
high_283.wav,2478.00,high_freq,./dataset\high_freq\high_freq_284.wav
high_284.wav,7685.00,high_freq,./dataset\high_freq\high_freq_285.wav
high_285.wav,5588.00,high_freq,./dataset\high_freq\high_freq_286.wav
high_286.wav,7062.00,high_freq,./dataset\high_freq\high_freq_287.wav
high_287.wav,4082.00,high_freq,./dataset\high_freq\high_freq_288.wav
high_288.wav,9391.00,high_freq,./dataset\high_freq\high_freq_289.wav
high_289.wav,8849.00,high_freq,./dataset\high_freq\high_freq_290.wav
high_290.wav,6218.00,high_freq,./dataset\high_freq\high_freq_291.wav
high_291.wav,6501.00,high_freq,./dataset\high_freq\high_freq_292.wav
high_292.wav,6156.00,high_freq,./dataset\high_freq\high_freq_293.wav
high_293.wav,8790.00,high_freq,./dataset\high_freq\high_freq_294.wav
high_294.wav,4549.00,high_freq,./dataset\high_freq\high_freq_295.wav
high_295.wav,5152.00,high_freq,./dataset\high_freq\high_freq_296.wav
high_296.wav,7973.00,high_freq,./dataset\high_freq\high_freq_297.wav
high_297.wav,2710.00,high_freq,./dataset\high_freq\high_freq_298.wav
high_298.wav,2388.00,high_freq,./dataset\high_freq\high_freq_299.wav
high_299.wav,7998.00,high_freq,./dataset\high_freq\high_freq_300.wav
high_300.wav,9744.00,high_freq,./dataset\high_freq\high_freq_301.wav
high_301.wav,5069.00,high_freq,./dataset\high_freq\high_freq_302.wav
high_302.wav,9686.00,high_freq,./dataset\high_freq\high_freq_303.wav
high_303.wav,3875.00,high_freq,./dataset\high_freq\high_freq_304.wav
high_304.wav,4981.00,high_freq,./dataset\high_freq\high_freq_305.wav
high_305.wav,2818.00,high_freq,./dataset\high_freq\high_freq_306.wav
high_306.wav,7105.00,high_freq,./dataset\high_freq\high_freq_307.wav
high_307.wav,3911.00,high_freq,./dataset\high_freq\high_freq_308.wav
high_308.wav,9721.00,high_freq,./dataset\high_freq\high_freq_309.wav
high_309.wav,8217.00,high_freq,./dataset\high_freq\high_freq_310.wav
high_310.wav,8688.00,high_freq,./dataset\high_freq\high_freq_311.wav
high_311.wav,2665.00,high_freq,./dataset\high_freq\high_freq_312.wav
high_312.wav,3088.00,high_freq,./dataset\high_freq\high_freq_313.wav
high_313.wav,3429.00,high_freq,./dataset\high_freq\high_freq_314.wav
high_314.wav,4669.00,high_freq,./dataset\high_freq\high_freq_315.wav
high_315.wav,6503.00,high_freq,./dataset\high_freq\high_freq_316.wav
high_316.wav,3996.00,high_freq,./dataset\high_freq\high_freq_317.wav
high_317.wav,2452.00,high_freq,./dataset\high_freq\high_freq_318.wav
high_318.wav,3879.00,high_freq,./dataset\high_freq\high_freq_319.wav
high_319.wav,2442.00,high_freq,./dataset\high_freq\high_freq_320.wav
high_320.wav,6658.00,high_freq,./dataset\high_freq\high_freq_321.wav
high_321.wav,2646.00,high_freq,./dataset\high_freq\high_freq_322.wav
high_322.wav,9748.00,high_freq,./dataset\high_freq\high_freq_323.wav
high_323.wav,5174.00,high_freq,./dataset\high_freq\high_freq_324.wav
high_324.wav,3901.00,high_freq,./dataset\high_freq\high_freq_325.wav
high_325.wav,8845.00,high_freq,./dataset\high_freq\high_freq_326.wav
high_326.wav,3759.00,high_freq,./dataset\high_freq\high_freq_327.wav
high_327.wav,2878.00,high_freq,./dataset\high_freq\high_freq_328.wav
high_328.wav,3399.00,high_freq,./dataset\high_freq\high_freq_329.wav
high_329.wav,4022.00,high_freq,./dataset\high_freq\high_freq_330.wav
high_330.wav,3687.00,high_freq,./dataset\high_freq\high_freq_331.wav
high_331.wav,3914.00,high_freq,./dataset\high_freq\high_freq_332.wav
high_332.wav,2178.00,high_freq,./dataset\high_freq\high_freq_333.wav
